Scenario,Method,Bus,TimeSlot,Voltage_pu,VoltageSq
S1_NoCarbon_NoDR,admm,1,1,1.05,1.1025
S1_NoCarbon_NoDR,admm,1,2,1.05,1.1025
S1_NoCarbon_NoDR,admm,1,3,1.05,1.1025
S1_NoCarbon_NoDR,admm,1,4,1.05,1.1025
S1_NoCarbon_NoDR,admm,1,5,1.05,1.1025
S1_NoCarbon_NoDR,admm,1,6,1.05,1.1025
S1_NoCarbon_NoDR,admm,1,7,1.05,1.1025
S1_NoCarbon_NoDR,admm,1,8,1.05,1.1025
S1_NoCarbon_NoDR,admm,1,9,1.05,1.1025
S1_NoCarbon_NoDR,admm,1,10,1.05,1.1025
S1_NoCarbon_NoDR,admm,1,11,1.05,1.1025
S1_NoCarbon_NoDR,admm,1,12,1.05,1.1025
S1_NoCarbon_NoDR,admm,1,13,1.05,1.1025
S1_NoCarbon_NoDR,admm,1,14,1.05,1.1025
S1_NoCarbon_NoDR,admm,1,15,1.05,1.1025
S1_NoCarbon_NoDR,admm,1,16,1.05,1.1025
S1_NoCarbon_NoDR,admm,1,17,1.05,1.1025
S1_NoCarbon_NoDR,admm,1,18,1.05,1.1025
S1_NoCarbon_NoDR,admm,1,19,1.05,1.1025
S1_NoCarbon_NoDR,admm,1,20,1.05,1.1025
S1_NoCarbon_NoDR,admm,1,21,1.05,1.1025
S1_NoCarbon_NoDR,admm,1,22,1.05,1.1025
S1_NoCarbon_NoDR,admm,1,23,1.05,1.1025
S1_NoCarbon_NoDR,admm,1,24,1.05,1.1025
S1_NoCarbon_NoDR,admm,2,1,1.0486457287970978,1.0996578645243964
S1_NoCarbon_NoDR,admm,2,2,1.0486838982634,1.099737918476921
S1_NoCarbon_NoDR,admm,2,3,1.046678294894189,1.095535453002607
S1_NoCarbon_NoDR,admm,2,4,1.0465928019878246,1.0953564931727255
S1_NoCarbon_NoDR,admm,2,5,1.046571477570149,1.0953118576633645
S1_NoCarbon_NoDR,admm,2,6,1.0479113599249341,1.0981182182597247
S1_NoCarbon_NoDR,admm,2,7,1.048010675930901,1.098326376865144
S1_NoCarbon_NoDR,admm,2,8,1.0479339136792303,1.0981654874390685
S1_NoCarbon_NoDR,admm,2,9,1.0477985199951803,1.0978817385040902
S1_NoCarbon_NoDR,admm,2,10,1.0476975870852847,1.0976702339843278
S1_NoCarbon_NoDR,admm,2,11,1.0476400007708575,1.0975495712151622
S1_NoCarbon_NoDR,admm,2,12,1.0476149068454854,1.0974969930448752
S1_NoCarbon_NoDR,admm,2,13,1.04759251629796,1.0974500802034914
S1_NoCarbon_NoDR,admm,2,14,1.0476482912597833,1.0975669421795438
S1_NoCarbon_NoDR,admm,2,15,1.047658630082705,1.0975886051867705
S1_NoCarbon_NoDR,admm,2,16,1.0475220396977862,1.0973024236526105
S1_NoCarbon_NoDR,admm,2,17,1.0473744973810581,1.0969933377642243
S1_NoCarbon_NoDR,admm,2,18,1.0474959448498098,1.0972477544767958
S1_NoCarbon_NoDR,admm,2,19,1.0475868690634802,1.097438248234225
S1_NoCarbon_NoDR,admm,2,20,1.0477056893768817,1.097687211552687
S1_NoCarbon_NoDR,admm,2,21,1.0478824094971162,1.098057544133482
S1_NoCarbon_NoDR,admm,2,22,1.048068714134668,1.0984480295478967
S1_NoCarbon_NoDR,admm,2,23,1.0479147230636037,1.0981252668134691
S1_NoCarbon_NoDR,admm,2,24,1.0474873618559237,1.097229773247883
S1_NoCarbon_NoDR,admm,3,1,1.0423217199438846,1.0864345678667775
S1_NoCarbon_NoDR,admm,3,2,1.0425316193966545,1.086872177441811
S1_NoCarbon_NoDR,admm,3,3,1.029635201934097,1.060148649061869
S1_NoCarbon_NoDR,admm,3,4,1.0290656911285592,1.0589761966578992
S1_NoCarbon_NoDR,admm,3,5,1.0289622537332321,1.0587633196077724
S1_NoCarbon_NoDR,admm,3,6,1.0377230962358088,1.076869224461234
S1_NoCarbon_NoDR,admm,3,7,1.0385482519870486,1.078582471705354
S1_NoCarbon_NoDR,admm,3,8,1.038226467351705,1.077914197509601
S1_NoCarbon_NoDR,admm,3,9,1.0374777004771534,1.076359978987362
S1_NoCarbon_NoDR,admm,3,10,1.0368985336716483,1.0751585691304144
S1_NoCarbon_NoDR,admm,3,11,1.036563212497665,1.074463293503479
S1_NoCarbon_NoDR,admm,3,12,1.0364192350897736,1.0741648308640717
S1_NoCarbon_NoDR,admm,3,13,1.0362925749393586,1.073902300874446
S1_NoCarbon_NoDR,admm,3,14,1.0366332461242789,1.0746084869701595
S1_NoCarbon_NoDR,admm,3,15,1.0366826267202165,1.0747108685435278
S1_NoCarbon_NoDR,admm,3,16,1.0358063579747079,1.0728948112208287
S1_NoCarbon_NoDR,admm,3,17,1.0348921566676157,1.0710017759321488
S1_NoCarbon_NoDR,admm,3,18,1.0357068026714096,1.0726885810998341
S1_NoCarbon_NoDR,admm,3,19,1.0362563659539552,1.0738272559800977
S1_NoCarbon_NoDR,admm,3,20,1.0369335721531454,1.0752312330582825
S1_NoCarbon_NoDR,admm,3,21,1.0379474778301727,1.077334966734017
S1_NoCarbon_NoDR,admm,3,22,1.0390049989103571,1.0795313877607113
S1_NoCarbon_NoDR,admm,3,23,1.0378648520387113,1.0771634510973362
S1_NoCarbon_NoDR,admm,3,24,1.0349837404064068,1.0711913429056366
S1_NoCarbon_NoDR,admm,4,1,1.0391654678194817,1.0798648695084823
S1_NoCarbon_NoDR,admm,4,2,1.039447908530524,1.0804519545484803
S1_NoCarbon_NoDR,admm,4,3,1.0183073672688856,1.0369498942340891
S1_NoCarbon_NoDR,admm,4,4,1.0173405523580807,1.0349817994722448
S1_NoCarbon_NoDR,admm,4,5,1.01723153091787,1.0347599874935138
S1_NoCarbon_NoDR,admm,4,6,1.0318376279466643,1.0646888904465988
S1_NoCarbon_NoDR,admm,4,7,1.0335171278094302,1.0681576534754542
S1_NoCarbon_NoDR,admm,4,8,1.033292110977828,1.067692586609016
S1_NoCarbon_NoDR,admm,4,9,1.0322795555386,1.0656010807829694
S1_NoCarbon_NoDR,admm,4,10,1.031453690949969,1.063896716574314
S1_NoCarbon_NoDR,admm,4,11,1.030965969043605,1.0628908293260197
S1_NoCarbon_NoDR,admm,4,12,1.0307607917426298,1.062467809793893
S1_NoCarbon_NoDR,admm,4,13,1.0305839079690655,1.0621031913647911
S1_NoCarbon_NoDR,admm,4,14,1.0311105087188788,1.0631888811905048
S1_NoCarbon_NoDR,admm,4,15,1.0311610986822137,1.0632932114355103
S1_NoCarbon_NoDR,admm,4,16,1.0297288038683998,1.0603414095162456
S1_NoCarbon_NoDR,admm,4,17,1.028293882477819,1.0573883087413063
S1_NoCarbon_NoDR,admm,4,18,1.029686645401645,1.060254587718493
S1_NoCarbon_NoDR,admm,4,19,1.0305247310879486,1.0619812213838886
S1_NoCarbon_NoDR,admm,4,20,1.0314808514569926,1.0639527469224426
S1_NoCarbon_NoDR,admm,4,21,1.032926639506331,1.0669374426018419
S1_NoCarbon_NoDR,admm,4,22,1.034413210864931,1.0700106908118963
S1_NoCarbon_NoDR,admm,4,23,1.0322801995810609,1.0656024104471147
S1_NoCarbon_NoDR,admm,4,24,1.027325226744192,1.0553971215050053
S1_NoCarbon_NoDR,admm,5,1,1.0360753435920211,1.0734521175993248
S1_NoCarbon_NoDR,admm,5,2,1.036426340767133,1.0741795598359491
S1_NoCarbon_NoDR,admm,5,3,1.0065782531846934,1.0131997797843486
S1_NoCarbon_NoDR,admm,5,4,1.0051843788215826,1.010395635426931
S1_NoCarbon_NoDR,admm,5,5,1.0050770160992681,1.0101798082910083
S1_NoCarbon_NoDR,admm,5,6,1.0259045236836613,1.0524800917146
S1_NoCarbon_NoDR,admm,5,7,1.0285235381815403,1.0578606685934746
S1_NoCarbon_NoDR,admm,5,8,1.0284374554390119,1.0576835997498697
S1_NoCarbon_NoDR,admm,5,9,1.027173859367725,1.055086137368387
S1_NoCarbon_NoDR,admm,5,10,1.0261036193096345,1.052888637560331
S1_NoCarbon_NoDR,admm,5,11,1.025463117465114,1.0515746052812704
S1_NoCarbon_NoDR,admm,5,12,1.0251973138665402,1.0510295323591694
S1_NoCarbon_NoDR,admm,5,13,1.024971344547235,1.0505662571429668
S1_NoCarbon_NoDR,admm,5,14,1.0256897575769048,1.05203947879817
S1_NoCarbon_NoDR,admm,5,15,1.0257378755742037,1.0521381893874804
S1_NoCarbon_NoDR,admm,5,16,1.023720552339014,1.0480037692812958
S1_NoCarbon_NoDR,admm,5,17,1.0217447005451235,1.043962233092044
S1_NoCarbon_NoDR,admm,5,18,1.0237538099696322,1.0480718634273378
S1_NoCarbon_NoDR,admm,5,19,1.0248880054164462,1.0503954236465014
S1_NoCarbon_NoDR,admm,5,20,1.026118754524513,1.0529196983869378
S1_NoCarbon_NoDR,admm,5,21,1.0279923180479251,1.0567682059655463
S1_NoCarbon_NoDR,admm,5,22,1.0298996635284277,1.0606933169359687
S1_NoCarbon_NoDR,admm,5,23,1.0266897425793091,1.054091827517568
S1_NoCarbon_NoDR,admm,5,24,1.0195184454112,1.0394178605336701
S1_NoCarbon_NoDR,admm,6,1,1.0283993553666007,1.0576052341184399
S1_NoCarbon_NoDR,admm,6,2,1.0289390930711568,1.0587156572500946
S1_NoCarbon_NoDR,admm,6,3,0.9902499858043616,0.9805950343855384
S1_NoCarbon_NoDR,admm,6,4,0.9888646761010995,0.9778533476405324
S1_NoCarbon_NoDR,admm,6,5,0.9887698261723232,0.9776657691488463
S1_NoCarbon_NoDR,admm,6,6,1.014989683924698,1.0302040584735581
S1_NoCarbon_NoDR,admm,6,7,1.0165462611357643,1.0333663010291017
S1_NoCarbon_NoDR,admm,6,8,1.016288539443007,1.0328423954032002
S1_NoCarbon_NoDR,admm,6,9,1.0143261792121068,1.0288575978350307
S1_NoCarbon_NoDR,admm,6,10,1.0126205556573178,1.0254003897397352
S1_NoCarbon_NoDR,admm,6,11,1.0115494112882344,1.0232322114775736
S1_NoCarbon_NoDR,admm,6,12,1.0111264479393907,1.0223766937225292
S1_NoCarbon_NoDR,admm,6,13,1.0107859293001715,1.0216881948712115
S1_NoCarbon_NoDR,admm,6,14,1.0121456690804098,1.0244388554382307
S1_NoCarbon_NoDR,admm,6,15,1.012118060183388,1.0243829677493839
S1_NoCarbon_NoDR,admm,6,16,1.0085728853829918,1.0172192651297738
S1_NoCarbon_NoDR,admm,6,17,1.0065472060411194,1.0131372779891836
S1_NoCarbon_NoDR,admm,6,18,1.0088521347374346,1.0177826297642791
S1_NoCarbon_NoDR,admm,6,19,1.0106133673345208,1.0213393782352191
S1_NoCarbon_NoDR,admm,6,20,1.0125247511405446,1.0252063716722217
S1_NoCarbon_NoDR,admm,6,21,1.0155108917334965,1.0312623712293614
S1_NoCarbon_NoDR,admm,6,22,1.0185163784224949,1.0373756131148746
S1_NoCarbon_NoDR,admm,6,23,1.0145374565798826,1.0292862508035772
S1_NoCarbon_NoDR,admm,6,24,1.0069779844032598,1.014004661072852
S1_NoCarbon_NoDR,admm,7,1,1.0261571967512553,1.0529985924443945
S1_NoCarbon_NoDR,admm,7,2,1.0267645554274993,1.0542454522822302
S1_NoCarbon_NoDR,admm,7,3,0.9998508810347915,0.9997017843060487
S1_NoCarbon_NoDR,admm,7,4,0.9994903275076171,0.9989809147812838
S1_NoCarbon_NoDR,admm,7,5,0.9999258340902001,0.9998516736809824
S1_NoCarbon_NoDR,admm,7,6,1.0162528929991967,1.0327699425292367
S1_NoCarbon_NoDR,admm,7,7,1.013426686828284,1.0270336495757526
S1_NoCarbon_NoDR,admm,7,8,1.0127661759020166,1.0256953270511942
S1_NoCarbon_NoDR,admm,7,9,1.010531497176027,1.021173906784823
S1_NoCarbon_NoDR,admm,7,10,1.008601274171234,1.0172765302598368
S1_NoCarbon_NoDR,admm,7,11,1.0073860891586055,1.0148267326302698
S1_NoCarbon_NoDR,admm,7,12,1.006911188411698,1.0138701413486577
S1_NoCarbon_NoDR,admm,7,13,1.0065339913364018,1.0131106757155877
S1_NoCarbon_NoDR,admm,7,14,1.0083504111166426,1.0167705515991021
S1_NoCarbon_NoDR,admm,7,15,1.0081051134858925,1.0162759198364042
S1_NoCarbon_NoDR,admm,7,16,1.0040216466587337,1.0080594669593153
S1_NoCarbon_NoDR,admm,7,17,1.0035602715894096,1.0071332187126096
S1_NoCarbon_NoDR,admm,7,18,1.00441190858638,1.0088432821101345
S1_NoCarbon_NoDR,admm,7,19,1.0063688132571222,1.0127781882965485
S1_NoCarbon_NoDR,admm,7,20,1.0084646022162103,1.017000853923099
S1_NoCarbon_NoDR,admm,7,21,1.0118001848195044,1.023739614000783
S1_NoCarbon_NoDR,admm,7,22,1.0151386604124835,1.0305064998640516
S1_NoCarbon_NoDR,admm,7,23,1.012982688498697,1.0261339271980483
S1_NoCarbon_NoDR,admm,7,24,1.0123477984892264,1.0248480651059833
S1_NoCarbon_NoDR,admm,8,1,1.023849710705424,1.0482682301115807
S1_NoCarbon_NoDR,admm,8,2,1.0244744085261848,1.049547813725076
S1_NoCarbon_NoDR,admm,8,3,0.9862564680649889,0.9727018208000265
S1_NoCarbon_NoDR,admm,8,4,0.9845622933290167,0.9693629094452927
S1_NoCarbon_NoDR,admm,8,5,0.9846780564425658,0.9695908748395087
S1_NoCarbon_NoDR,admm,8,6,1.007690870557919,1.0154408906057766
S1_NoCarbon_NoDR,admm,8,7,1.008523598590126,1.0171198489131776
S1_NoCarbon_NoDR,admm,8,8,1.0089693800549298,1.0180192098884293
S1_NoCarbon_NoDR,admm,8,9,1.0067100480175815,1.013465120779561
S1_NoCarbon_NoDR,admm,8,10,1.0045833195901894,1.0091876459988445
S1_NoCarbon_NoDR,admm,8,11,1.0032569062501884,1.0065244199386991
S1_NoCarbon_NoDR,admm,8,12,1.0027343672880018,1.0054762113404694
S1_NoCarbon_NoDR,admm,8,13,1.0023156022950033,1.0046365666039951
S1_NoCarbon_NoDR,admm,8,14,1.0043381376898342,1.0086950948182842
S1_NoCarbon_NoDR,admm,8,15,1.0040353520682173,1.0080869882027488
S1_NoCarbon_NoDR,admm,8,16,0.9997352482107167,0.9994705665149433
S1_NoCarbon_NoDR,admm,8,17,0.9973970788977494,0.9948009329937634
S1_NoCarbon_NoDR,admm,8,18,0.9996841204703203,0.9993683407205178
S1_NoCarbon_NoDR,admm,8,19,1.0021528243055426,1.0043102832635757
S1_NoCarbon_NoDR,admm,8,20,1.004457147754655,1.0089341616754168
S1_NoCarbon_NoDR,admm,8,21,1.0081194562565794,1.0163048380830613
S1_NoCarbon_NoDR,admm,8,22,1.011715235217036,1.0235677171702626
S1_NoCarbon_NoDR,admm,8,23,1.0061882560752158,1.0124148066636842
S1_NoCarbon_NoDR,admm,8,24,1.0031681466135678,1.0063463303801008
S1_NoCarbon_NoDR,admm,9,1,1.0205203524710704,1.0414617898076777
S1_NoCarbon_NoDR,admm,9,2,1.0211722698505818,1.0427928047117896
S1_NoCarbon_NoDR,admm,9,3,0.9771081552272769,0.9547403470116523
S1_NoCarbon_NoDR,admm,9,4,0.9744287334750869,0.9495113566218619
S1_NoCarbon_NoDR,admm,9,5,0.9745650620068566,0.9497770600844282
S1_NoCarbon_NoDR,admm,9,6,0.9990903909046154,0.9981816091979372
S1_NoCarbon_NoDR,admm,9,7,1.0016456283284663,1.003293964749528
S1_NoCarbon_NoDR,admm,9,8,1.003426441835011,1.0068646241736707
S1_NoCarbon_NoDR,admm,9,9,1.0010949979349668,1.0021911948904114
S1_NoCarbon_NoDR,admm,9,10,0.9986464152808827,0.9972946627533572
S1_NoCarbon_NoDR,admm,9,11,0.9971200128380505,0.994248320002154
S1_NoCarbon_NoDR,admm,9,12,0.9965219877339812,0.993056072037285
S1_NoCarbon_NoDR,admm,9,13,0.9960463800506173,0.9921083912119387
S1_NoCarbon_NoDR,admm,9,14,0.9986377640867335,0.9972773838601504
S1_NoCarbon_NoDR,admm,9,15,0.9980820451782201,0.9961677689071387
S1_NoCarbon_NoDR,admm,9,16,0.9931225523475371,0.9862924039812865
S1_NoCarbon_NoDR,admm,9,17,0.9895765069338522,0.9792616630754045
S1_NoCarbon_NoDR,admm,9,18,0.9926772509754828,0.9854081246042417
S1_NoCarbon_NoDR,admm,9,19,0.9958923815102113,0.9918016355500803
S1_NoCarbon_NoDR,admm,9,20,0.9984821958055534,0.9969666953406796
S1_NoCarbon_NoDR,admm,9,21,1.002654499139707,1.0053160446450968
S1_NoCarbon_NoDR,admm,9,22,1.00663883292769,1.0133217399580219
S1_NoCarbon_NoDR,admm,9,23,0.9979501416128334,0.9959044851450741
S1_NoCarbon_NoDR,admm,9,24,0.9967477251379397,0.9935060275676578
S1_NoCarbon_NoDR,admm,10,1,1.0174208249829486,1.0351451351089838
S1_NoCarbon_NoDR,admm,10,2,1.0180900470047332,1.0365073438100998
S1_NoCarbon_NoDR,admm,10,3,0.967757716364053,0.9365549975821666
S1_NoCarbon_NoDR,admm,10,4,0.9640290378800047,0.9293519858758476
S1_NoCarbon_NoDR,admm,10,5,0.9641848370537565,0.9296524000043789
S1_NoCarbon_NoDR,admm,10,6,0.990523351843116,0.9811365105465215
S1_NoCarbon_NoDR,admm,10,7,0.9950011721880112,0.9900273326555162
S1_NoCarbon_NoDR,admm,10,8,0.9982104398590997,0.9964240822436974
S1_NoCarbon_NoDR,admm,10,9,0.9958435745323454,0.9917044249373589
S1_NoCarbon_NoDR,admm,10,10,0.9930880223855066,0.9862238202055565
S1_NoCarbon_NoDR,admm,10,11,0.9913686766975685,0.982811853137088
S1_NoCarbon_NoDR,admm,10,12,0.9906989007726491,0.9814843119921353
S1_NoCarbon_NoDR,admm,10,13,0.9901703597158932,0.9804373412599013
S1_NoCarbon_NoDR,admm,10,14,0.993331793573933,0.9867080521248066
S1_NoCarbon_NoDR,admm,10,15,0.9925160868473167,0.9850881826507103
S1_NoCarbon_NoDR,admm,10,16,0.9868910145087452,0.9739538745181002
S1_NoCarbon_NoDR,admm,10,17,0.9820762592172765,0.9644737789181992
S1_NoCarbon_NoDR,admm,10,18,0.9860557669967939,0.9723059756276355
S1_NoCarbon_NoDR,admm,10,19,0.9900253094136557,0.9801501132796049
S1_NoCarbon_NoDR,admm,10,20,0.9928809714726088,0.9858126235123913
S1_NoCarbon_NoDR,admm,10,21,0.9975366772235998,0.9950794224063004
S1_NoCarbon_NoDR,admm,10,22,1.0018752770150465,1.003754070693976
S1_NoCarbon_NoDR,admm,10,23,0.9898505700948967,0.9798041511171921
S1_NoCarbon_NoDR,admm,10,24,0.9903411493908031,0.9807755921766969
S1_NoCarbon_NoDR,admm,11,1,1.0169893222315443,1.0342672815329756
S1_NoCarbon_NoDR,admm,11,2,1.0176552568531951,1.0356222218009425
S1_NoCarbon_NoDR,admm,11,3,0.9652232536837385,0.9316559294518226
S1_NoCarbon_NoDR,admm,11,4,0.961453573724519,0.924392974427649
S1_NoCarbon_NoDR,admm,11,5,0.9615040263154899,0.9244899926208984
S1_NoCarbon_NoDR,admm,11,6,0.9883250094197094,0.9767863242444685
S1_NoCarbon_NoDR,admm,11,7,0.9938974236519623,0.9878320887420083
S1_NoCarbon_NoDR,admm,11,8,0.997470193168957,0.9949467862605165
S1_NoCarbon_NoDR,admm,11,9,0.9951261359163519,0.9902760263838097
S1_NoCarbon_NoDR,admm,11,10,0.9923322222768597,0.9847232393689308
S1_NoCarbon_NoDR,admm,11,11,0.9905917943166683,0.9812721029675164
S1_NoCarbon_NoDR,admm,11,12,0.9899116005447276,0.9799249768930243
S1_NoCarbon_NoDR,admm,11,13,0.9893743359681986,0.9788615766725138
S1_NoCarbon_NoDR,admm,11,14,0.9925767420201097,0.9852085887992553
S1_NoCarbon_NoDR,admm,11,15,0.9917491422856348,0.9835663612242924
S1_NoCarbon_NoDR,admm,11,16,0.9860701831933327,0.9723344061829328
S1_NoCarbon_NoDR,admm,11,17,0.9806733120390776,0.9617201449456941
S1_NoCarbon_NoDR,admm,11,18,0.9851323107581533,0.9704856696996988
S1_NoCarbon_NoDR,admm,11,19,0.9892420809651358,0.9785998947522323
S1_NoCarbon_NoDR,admm,11,20,0.9921398073826622,0.984341397393306
S1_NoCarbon_NoDR,admm,11,21,0.9968550747595468,0.9937200400738617
S1_NoCarbon_NoDR,admm,11,22,1.0012349100171134,1.002471345036977
S1_NoCarbon_NoDR,admm,11,23,0.988127185140501,0.97639533401369
S1_NoCarbon_NoDR,admm,11,24,0.9876134132860244,0.9753802541024716
S1_NoCarbon_NoDR,admm,12,1,1.0162377421546678,1.032739148579617
S1_NoCarbon_NoDR,admm,12,2,1.0168948408804794,1.0340751174093354
S1_NoCarbon_NoDR,admm,12,3,0.9604492405946167,0.9224627437587758
S1_NoCarbon_NoDR,admm,12,4,0.9565997811456015,0.9150831412878128
S1_NoCarbon_NoDR,admm,12,5,0.9564507195961538,0.9147979790160004
S1_NoCarbon_NoDR,admm,12,6,0.9842058614463959,0.9686611777054421
S1_NoCarbon_NoDR,admm,12,7,0.991886469242592,0.9838387678665355
S1_NoCarbon_NoDR,admm,12,8,0.9961658185118335,0.9923463379713513
S1_NoCarbon_NoDR,admm,12,9,0.9938745638716935,0.9877866487111489
S1_NoCarbon_NoDR,admm,12,10,0.991012944682745,0.9821066565287655
S1_NoCarbon_NoDR,admm,12,11,0.9892350856964747,0.9785860547729116
S1_NoCarbon_NoDR,admm,12,12,0.9885363905897239,0.9772041955201591
S1_NoCarbon_NoDR,admm,12,13,0.9879838419849686,0.9761120720233794
S1_NoCarbon_NoDR,admm,12,14,0.9912627502975666,0.982601840127496
S1_NoCarbon_NoDR,admm,12,15,0.9904112582103444,0.9809144603897975
S1_NoCarbon_NoDR,admm,12,16,0.9846301465746947,0.9694965255437049
S1_NoCarbon_NoDR,admm,12,17,0.9781245370779404,0.9567276100339354
S1_NoCarbon_NoDR,admm,12,18,0.9835017036225894,0.9672756010285357
S1_NoCarbon_NoDR,admm,12,19,0.9878760274052648,0.9758990455220075
S1_NoCarbon_NoDR,admm,12,20,0.9908471907514025,0.9817781554199463
S1_NoCarbon_NoDR,admm,12,21,0.9956665292347107,0.991351837438295
S1_NoCarbon_NoDR,admm,12,22,1.0001142976804638,1.0002286084248875
S1_NoCarbon_NoDR,admm,12,23,0.9849267665391974,0.9700807354453587
S1_NoCarbon_NoDR,admm,12,24,0.982477647310031,0.9652623274638537
S1_NoCarbon_NoDR,admm,13,1,1.0125826411907828,1.0253236052409014
S1_NoCarbon_NoDR,admm,13,2,1.0132301338672387,1.0266353041766223
S1_NoCarbon_NoDR,admm,13,3,0.9529590862655511,0.9081310200960742
S1_NoCarbon_NoDR,admm,13,4,0.9504690180289772,0.9033913542329681
S1_NoCarbon_NoDR,admm,13,5,0.9502219852844282,0.9029218213178802
S1_NoCarbon_NoDR,admm,13,6,0.9718992388768046,0.9445881305293122
S1_NoCarbon_NoDR,admm,13,7,0.9833408596773708,0.9669592463110308
S1_NoCarbon_NoDR,admm,13,8,0.9899215260861443,0.9799446278087208
S1_NoCarbon_NoDR,admm,13,9,0.9877027400482208,0.9755567026987633
S1_NoCarbon_NoDR,admm,13,10,0.9844686878172815,0.96917859729268
S1_NoCarbon_NoDR,admm,13,11,0.9824735329033986,0.9652542428556854
S1_NoCarbon_NoDR,admm,13,12,0.9816672056392095,0.9636705026274941
S1_NoCarbon_NoDR,admm,13,13,0.9810364766783731,0.9624325685735162
S1_NoCarbon_NoDR,admm,13,14,0.9849528039437456,0.9701320259966466
S1_NoCarbon_NoDR,admm,13,15,0.9838197149702514,0.9679012315641468
S1_NoCarbon_NoDR,admm,13,16,0.9771121651742571,0.9547481833315248
S1_NoCarbon_NoDR,admm,13,17,0.9682024929809536,0.9374160674145335
S1_NoCarbon_NoDR,admm,13,18,0.9756728386775723,0.9519374881331519
S1_NoCarbon_NoDR,admm,13,19,0.9811592508032619,0.9626734754368182
S1_NoCarbon_NoDR,admm,13,20,0.9844925491946681,0.969225579419816
S1_NoCarbon_NoDR,admm,13,21,0.9898301585175445,0.9797637427108674
S1_NoCarbon_NoDR,admm,13,22,0.9946843434609817,0.9893969431264041
S1_NoCarbon_NoDR,admm,13,23,0.9734401734579294,0.9475857713018038
S1_NoCarbon_NoDR,admm,13,24,0.9693276576133281,0.9395961078141413
S1_NoCarbon_NoDR,admm,14,1,1.010972258066447,1.0220649065799707
S1_NoCarbon_NoDR,admm,14,2,1.0116254292516547,1.0233860091085947
S1_NoCarbon_NoDR,admm,14,3,0.9551051264724679,0.912225802613989
S1_NoCarbon_NoDR,admm,14,4,0.9538265553882048,0.9097850977637281
S1_NoCarbon_NoDR,admm,14,5,0.9538414338345093,0.9098134808994726
S1_NoCarbon_NoDR,admm,14,6,0.9690909613682535,0.9391372914056457
S1_NoCarbon_NoDR,admm,14,7,0.9799601009192311,0.9603217993936297
S1_NoCarbon_NoDR,admm,14,8,0.9871947615301424,0.9745534971925547
S1_NoCarbon_NoDR,admm,14,9,0.9849501810525688,0.9701268591554881
S1_NoCarbon_NoDR,admm,14,10,0.9815355456844947,0.9634120274421588
S1_NoCarbon_NoDR,admm,14,11,0.979431238021222,0.9592855500117837
S1_NoCarbon_NoDR,admm,14,12,0.9785707666966432,0.9576007454332562
S1_NoCarbon_NoDR,admm,14,13,0.9779040625027471,0.9562963554593767
S1_NoCarbon_NoDR,admm,14,14,0.9822010622595857,0.9647189267038586
S1_NoCarbon_NoDR,admm,14,15,0.9808818369933826,0.9621291781435127
S1_NoCarbon_NoDR,admm,14,16,0.9736042144138073,0.9479051663243269
S1_NoCarbon_NoDR,admm,14,17,0.9646535942478947,0.9305565568953817
S1_NoCarbon_NoDR,admm,14,18,0.9722425199405217,0.9452555175802958
S1_NoCarbon_NoDR,admm,14,19,0.9781704571664082,0.95681744327314
S1_NoCarbon_NoDR,admm,14,20,0.9816655369630221,0.9636672264608984
S1_NoCarbon_NoDR,admm,14,21,0.9872364956425835,0.9746358983286488
S1_NoCarbon_NoDR,admm,14,22,0.9922948270862323,0.9846490238620956
S1_NoCarbon_NoDR,admm,14,23,0.9697233863207417,0.9403634459773665
S1_NoCarbon_NoDR,admm,14,24,0.9675846560658067,0.9362200666539855
S1_NoCarbon_NoDR,admm,15,1,1.0099747235906753,1.020048942292061
S1_NoCarbon_NoDR,admm,15,2,1.010606542582782,1.0213255839111242
S1_NoCarbon_NoDR,admm,15,3,0.9536638957580357,0.9094748260723935
S1_NoCarbon_NoDR,admm,15,4,0.9530789660642922,0.9083595155541803
S1_NoCarbon_NoDR,admm,15,5,0.9531383260833222,0.9084726686489173
S1_NoCarbon_NoDR,admm,15,6,0.9650761958055974,0.9313720637106038
S1_NoCarbon_NoDR,admm,15,7,0.9771631492288189,0.954847820210783
S1_NoCarbon_NoDR,admm,15,8,0.985387689235267,0.9709888980964192
S1_NoCarbon_NoDR,admm,15,9,0.9832318024742452,0.9667447773967532
S1_NoCarbon_NoDR,admm,15,10,0.9796985466723168,0.9598092423518498
S1_NoCarbon_NoDR,admm,15,11,0.977521101608204,0.9555475040893169
S1_NoCarbon_NoDR,admm,15,12,0.9766243223396887,0.9537950669854561
S1_NoCarbon_NoDR,admm,15,13,0.9759347209782292,0.9524485796108542
S1_NoCarbon_NoDR,admm,15,14,0.9805089243595821,0.9613977507487848
S1_NoCarbon_NoDR,admm,15,15,0.9790486293673417,0.9585362186660705
S1_NoCarbon_NoDR,admm,15,16,0.9713506146438725,0.9435220165690289
S1_NoCarbon_NoDR,admm,15,17,0.9616285997473529,0.9247295638520546
S1_NoCarbon_NoDR,admm,15,18,0.9699446770249949,0.9407926764891217
S1_NoCarbon_NoDR,admm,15,19,0.9763075303253915,0.9531763937700652
S1_NoCarbon_NoDR,admm,15,20,0.9799036352335584,0.9602111343439426
S1_NoCarbon_NoDR,admm,15,21,0.9856210719384676,0.9714488974491339
S1_NoCarbon_NoDR,admm,15,22,0.990774255631661,0.9816336256224719
S1_NoCarbon_NoDR,admm,15,23,0.9658508607170466,0.9328678851478599
S1_NoCarbon_NoDR,admm,15,24,0.9635147099388,0.9283605962684499
S1_NoCarbon_NoDR,admm,16,1,1.0090305528146357,1.0181426565134093
S1_NoCarbon_NoDR,admm,16,2,1.0096239142925676,1.0193404483114457
S1_NoCarbon_NoDR,admm,16,3,0.9500000000005386,0.9025000000010235
S1_NoCarbon_NoDR,admm,16,4,0.9500000000002599,0.9025000000004938
S1_NoCarbon_NoDR,admm,16,5,0.9500000000002472,0.9025000000004696
S1_NoCarbon_NoDR,admm,16,6,0.9594829049904364,0.9206074449688869
S1_NoCarbon_NoDR,admm,16,7,0.9739897575669949,0.9486560478454136
S1_NoCarbon_NoDR,admm,16,8,0.9835915198713256,0.9674522779627843
S1_NoCarbon_NoDR,admm,16,9,0.9815975921083603,0.9635338328329309
S1_NoCarbon_NoDR,admm,16,10,0.9779481879592171,0.9563826583327163
S1_NoCarbon_NoDR,admm,16,11,0.9756983608409209,0.9519872913476599
S1_NoCarbon_NoDR,admm,16,12,0.9747656321877955,0.9501680376944728
S1_NoCarbon_NoDR,admm,16,13,0.9740539981044722,0.9487811912233073
S1_NoCarbon_NoDR,admm,16,14,0.9789140538199576,0.9582727247662227
S1_NoCarbon_NoDR,admm,16,15,0.977305649696355,0.9551263329284145
S1_NoCarbon_NoDR,admm,16,16,0.9691715006914593,0.9392933977525353
S1_NoCarbon_NoDR,admm,16,17,0.9581230319362373,0.9179997443266878
S1_NoCarbon_NoDR,admm,16,18,0.9676446489733046,0.93633616668667
S1_NoCarbon_NoDR,admm,16,19,0.9745374282502267,0.9497231990605658
S1_NoCarbon_NoDR,admm,16,20,0.9782296678568297,0.9569332830752835
S1_NoCarbon_NoDR,admm,16,21,0.9840869090638236,0.9684270445907902
S1_NoCarbon_NoDR,admm,16,22,0.9893059418802954,0.9787262466396583
S1_NoCarbon_NoDR,admm,16,23,0.9609760863549378,0.9234750385460528
S1_NoCarbon_NoDR,admm,16,24,0.9572682701376133,0.9163625410122587
S1_NoCarbon_NoDR,admm,17,1,1.006876005103346,1.0137992896528734
S1_NoCarbon_NoDR,admm,17,2,1.0074212464308983,1.0148975677603844
S1_NoCarbon_NoDR,admm,17,3,0.9572419947251348,0.9163122364653551
S1_NoCarbon_NoDR,admm,17,4,0.9601220321798726,0.9218343166772082
S1_NoCarbon_NoDR,admm,17,5,0.9608281693780736,0.92319077107042
S1_NoCarbon_NoDR,admm,17,6,0.954857202660367,0.9117522774723811
S1_NoCarbon_NoDR,admm,17,7,0.9681581501227927,0.9373302036491881
S1_NoCarbon_NoDR,admm,17,8,0.9796302918964526,0.9596755088011288
S1_NoCarbon_NoDR,admm,17,9,0.9777977040703282,0.9560883500852051
S1_NoCarbon_NoDR,admm,17,10,0.9738459641138696,0.9483759618208722
S1_NoCarbon_NoDR,admm,17,11,0.9714002722343633,0.9436184888969951
S1_NoCarbon_NoDR,admm,17,12,0.9703701228839541,0.94161817538582
S1_NoCarbon_NoDR,admm,17,13,0.9696049797197476,0.9401338166973321
S1_NoCarbon_NoDR,admm,17,14,0.9753502393378976,0.9513080893764941
S1_NoCarbon_NoDR,admm,17,15,0.9732585650577438,0.9472322344582585
S1_NoCarbon_NoDR,admm,17,16,0.9637499177293052,0.9288139039232426
S1_NoCarbon_NoDR,admm,17,17,0.9527569219023946,0.9077457522329255
S1_NoCarbon_NoDR,admm,17,18,0.9625585468848579,0.9265189561810891
S1_NoCarbon_NoDR,admm,17,19,0.9704391813451507,0.9417522046898463
S1_NoCarbon_NoDR,admm,17,20,0.9743543100895256,0.9493663215900354
S1_NoCarbon_NoDR,admm,17,21,0.9805401273539367,0.9614589413512744
S1_NoCarbon_NoDR,admm,17,22,0.985990419501988,0.9721771073497063
S1_NoCarbon_NoDR,admm,17,23,0.9542726683621184,0.9106363255829576
S1_NoCarbon_NoDR,admm,17,24,0.9553058824190385,0.9126093289844178
S1_NoCarbon_NoDR,admm,18,1,1.0062858081878299,1.012611127760234
S1_NoCarbon_NoDR,admm,18,2,1.0067808504612794,1.013607680855537
S1_NoCarbon_NoDR,admm,18,3,0.9547117991990696,0.9114746195299246
S1_NoCarbon_NoDR,admm,18,4,0.9582585355008828,0.9182594208602968
S1_NoCarbon_NoDR,admm,18,5,0.9589627934598494,0.9196096392403177
S1_NoCarbon_NoDR,admm,18,6,0.950000000001081,0.9025000000020538
S1_NoCarbon_NoDR,admm,18,7,0.9654962126161774,0.9321829365761827
S1_NoCarbon_NoDR,admm,18,8,0.9783717449547812,0.9572112713258634
S1_NoCarbon_NoDR,admm,18,9,0.9767413658501807,0.9540236957628765
S1_NoCarbon_NoDR,admm,18,10,0.9726986858325319,0.9461427334203347
S1_NoCarbon_NoDR,admm,18,11,0.970192656727072,0.9412737911671342
S1_NoCarbon_NoDR,admm,18,12,0.9691324680805304,0.9392177406878603
S1_NoCarbon_NoDR,admm,18,13,0.9683519558142302,0.9377055103292449
S1_NoCarbon_NoDR,admm,18,14,0.9743902555856638,0.9494363701802954
S1_NoCarbon_NoDR,admm,18,15,0.9721346937884223,0.9450458628671096
S1_NoCarbon_NoDR,admm,18,16,0.9621669468245754,0.9257652335617252
S1_NoCarbon_NoDR,admm,18,17,0.9500000000019562,0.9025000000037168
S1_NoCarbon_NoDR,admm,18,18,0.9609124102233396,0.9233526601212276
S1_NoCarbon_NoDR,admm,18,19,0.9693036105622505,0.9395494894490148
S1_NoCarbon_NoDR,admm,18,20,0.9732805891517725,0.9472751052196214
S1_NoCarbon_NoDR,admm,18,21,0.9795585233321598,0.9595349006326813
S1_NoCarbon_NoDR,admm,18,22,0.9850236413790802,0.9702715740757026
S1_NoCarbon_NoDR,admm,18,23,0.9500000000020297,0.9025000000038563
S1_NoCarbon_NoDR,admm,18,24,0.9500000000004841,0.9025000000009198
S1_NoCarbon_NoDR,admm,19,1,1.0483655453017036,1.099070316575738
S1_NoCarbon_NoDR,admm,19,2,1.0484137324470582,1.0991713543835717
S1_NoCarbon_NoDR,admm,19,3,1.0464126245592187,1.0949793808369124
S1_NoCarbon_NoDR,admm,19,4,1.046332123627429,1.0948109129346855
S1_NoCarbon_NoDR,admm,19,5,1.0463007663048016,1.0947452935700153
S1_NoCarbon_NoDR,admm,19,6,1.0476009348722148,1.0974677187451385
S1_NoCarbon_NoDR,admm,19,7,1.0476452005074794,1.097560466146357
S1_NoCarbon_NoDR,admm,19,8,1.0475183327482795,1.0972946574437354
S1_NoCarbon_NoDR,admm,19,9,1.0473478242757632,1.0969374650151749
S1_NoCarbon_NoDR,admm,19,10,1.0472268105739053,1.096683992784794
S1_NoCarbon_NoDR,admm,19,11,1.0471591789982644,1.0965423461603192
S1_NoCarbon_NoDR,admm,19,12,1.0471290637081838,1.0964792760623776
S1_NoCarbon_NoDR,admm,19,13,1.0471016527984947,1.0964218712933391
S1_NoCarbon_NoDR,admm,19,14,1.0471624636115668,1.0965492251970461
S1_NoCarbon_NoDR,admm,19,15,1.04717781686394,1.0965813801319275
S1_NoCarbon_NoDR,admm,19,16,1.0470411637551638,1.0962951985977676
S1_NoCarbon_NoDR,admm,19,17,1.046883531656732,1.095965128854072
S1_NoCarbon_NoDR,admm,19,18,1.046995015132037,1.0961985617113343
S1_NoCarbon_NoDR,admm,19,19,1.0470960029166727,1.0964100393240728
S1_NoCarbon_NoDR,admm,19,20,1.0472399258435519,1.0967114622808078
S1_NoCarbon_NoDR,admm,19,21,1.0474517833080361,1.0971552383551852
S1_NoCarbon_NoDR,admm,19,22,1.0476782231156838,1.0976296591908368
S1_NoCarbon_NoDR,admm,19,23,1.0475692453510177,1.0974013238053006
S1_NoCarbon_NoDR,admm,19,24,1.0471818207269221,1.0965897656609516
S1_NoCarbon_NoDR,admm,20,1,1.0464681977355823,1.0950956888719579
S1_NoCarbon_NoDR,admm,20,2,1.0465842907617198,1.0953386776692122
S1_NoCarbon_NoDR,admm,20,3,1.0446136508859452,1.0912176796172632
S1_NoCarbon_NoDR,admm,20,4,1.0445669855063133,1.0911201872097467
S1_NoCarbon_NoDR,admm,20,5,1.044467623651234,1.0909126168556558
S1_NoCarbon_NoDR,admm,20,6,1.0454985595748547,1.0930672380730961
S1_NoCarbon_NoDR,admm,20,7,1.0451694862712462,1.0923792550325007
S1_NoCarbon_NoDR,admm,20,8,1.0447026808536366,1.0914036913827754
S1_NoCarbon_NoDR,admm,20,9,1.0442938621342377,1.0905496704912423
S1_NoCarbon_NoDR,admm,20,10,1.0440365397255118,1.09001229628202
S1_NoCarbon_NoDR,admm,20,11,1.0439007130317157,1.0897286986681245
S1_NoCarbon_NoDR,admm,20,12,1.0438365068704354,1.0895946530754725
S1_NoCarbon_NoDR,admm,20,13,1.043775010628116,1.0894662728117237
S1_NoCarbon_NoDR,admm,20,14,1.0438700121232245,1.089664602210141
S1_NoCarbon_NoDR,admm,20,15,1.043919409073197,1.0897677326397328
S1_NoCarbon_NoDR,admm,20,16,1.0437823293702442,1.0894815511055729
S1_NoCarbon_NoDR,admm,20,17,1.043556194161319,1.0890095303724565
S1_NoCarbon_NoDR,admm,20,18,1.0436000250288893,1.0891010122402982
S1_NoCarbon_NoDR,admm,20,19,1.0437693427393129,1.0894544408424574
S1_NoCarbon_NoDR,admm,20,20,1.0440836849950028,1.0901107412727442
S1_NoCarbon_NoDR,admm,20,21,1.0445340328635033,1.091051345810094
S1_NoCarbon_NoDR,admm,20,22,1.0450328083861427,1.0920935706034285
S1_NoCarbon_NoDR,admm,20,23,1.0452291684938217,1.0925040146702858
S1_NoCarbon_NoDR,admm,20,24,1.0451125587627486,1.0922602604836196
S1_NoCarbon_NoDR,admm,21,1,1.0460942418220087,1.094313162773163
S1_NoCarbon_NoDR,admm,21,2,1.0462237327317176,1.0945840989310887
S1_NoCarbon_NoDR,admm,21,3,1.0442591031729027,1.0904770745594752
S1_NoCarbon_NoDR,admm,21,4,1.0442191129414815,1.0903935558322944
S1_NoCarbon_NoDR,admm,21,5,1.0441063346793429,1.0901580381175322
S1_NoCarbon_NoDR,admm,21,6,1.0450841448860888,1.0922008698922876
S1_NoCarbon_NoDR,admm,21,7,1.0446813755246143,1.0913591763680002
S1_NoCarbon_NoDR,admm,21,8,1.0441474397396753,1.0902438759149187
S1_NoCarbon_NoDR,admm,21,9,1.0436915441168604,1.0892920392610363
S1_NoCarbon_NoDR,admm,21,10,1.0434072888045547,1.0886987703304716
S1_NoCarbon_NoDR,admm,21,11,1.0432579860014994,1.0883872253559048
S1_NoCarbon_NoDR,admm,21,12,1.0431870427123398,1.0882392060829171
S1_NoCarbon_NoDR,admm,21,13,1.0431188101740054,1.0880968521388328
S1_NoCarbon_NoDR,admm,21,14,1.0432205688240554,1.0883091552175856
S1_NoCarbon_NoDR,admm,21,15,1.0432766935609714,1.0884262593275131
S1_NoCarbon_NoDR,admm,21,16,1.0431395293983223,1.0881400777933532
S1_NoCarbon_NoDR,admm,21,17,1.0428998560262464,1.0876401096995656
S1_NoCarbon_NoDR,admm,21,18,1.0429303160838388,1.087703644206736
S1_NoCarbon_NoDR,admm,21,19,1.0431131387196533,1.0880850201695664
S1_NoCarbon_NoDR,admm,21,20,1.0434611583578621,1.0888111890015313
S1_NoCarbon_NoDR,admm,21,21,1.0439586243243697,1.0898496093012306
S1_NoCarbon_NoDR,admm,21,22,1.0445111888042415,1.09100362353725
S1_NoCarbon_NoDR,admm,21,23,1.0447678358023509,1.0915398307271278
S1_NoCarbon_NoDR,admm,21,24,1.04470467883663,1.0914078659831465
S1_NoCarbon_NoDR,admm,22,1,1.0457558658756685,1.0936053310133693
S1_NoCarbon_NoDR,admm,22,2,1.045897483923258,1.093901546877002
S1_NoCarbon_NoDR,admm,22,3,1.0439382943250246,1.0898071623582417
S1_NoCarbon_NoDR,admm,22,4,1.043904345945506,1.0897362834839144
S1_NoCarbon_NoDR,admm,22,5,1.0437794240467884,1.0894754860634455
S1_NoCarbon_NoDR,admm,22,6,1.0447091456550828,1.0914171990153732
S1_NoCarbon_NoDR,admm,22,7,1.044239659805017,1.0904364671096975
S1_NoCarbon_NoDR,admm,22,8,1.0436449435167505,1.0891947681280816
S1_NoCarbon_NoDR,admm,22,9,1.0431464194945141,1.088154452504225
S1_NoCarbon_NoDR,admm,22,10,1.0428377746141757,1.0875106241622463
S1_NoCarbon_NoDR,admm,22,11,1.0426762678233223,1.0871737994819726
S1_NoCarbon_NoDR,admm,22,12,1.0425992232666068,1.0870131403561316
S1_NoCarbon_NoDR,admm,22,13,1.0425248901389328,1.0868581465591938
S1_NoCarbon_NoDR,admm,22,14,1.0426327682798004,1.0870830894908001
S1_NoCarbon_NoDR,admm,22,15,1.0426949858197174,1.0872128334535809
S1_NoCarbon_NoDR,admm,22,16,1.0425577451246626,1.086926651919421
S1_NoCarbon_NoDR,admm,22,17,1.0423058112281283,1.0864014041199266
S1_NoCarbon_NoDR,admm,22,18,1.0423241621114758,1.08643965892139
S1_NoCarbon_NoDR,admm,22,19,1.04251921545357,1.0868463145899274
S1_NoCarbon_NoDR,admm,22,20,1.0428977335703438,1.0876356826861595
S1_NoCarbon_NoDR,admm,22,21,1.0434378668401072,1.088762581955833
S1_NoCarbon_NoDR,admm,22,22,1.0440391348099363,1.0900177150146801
S1_NoCarbon_NoDR,admm,22,23,1.0443503630871391,1.0906676808802391
S1_NoCarbon_NoDR,admm,22,24,1.0443355949880697,1.0906368349590856
S1_NoCarbon_NoDR,admm,23,1,1.0404483800782642,1.082532831607484
S1_NoCarbon_NoDR,admm,23,2,1.0407256069233926,1.083109788906064
S1_NoCarbon_NoDR,admm,23,3,1.0278404226278974,1.056455934387895
S1_NoCarbon_NoDR,admm,23,4,1.0273038284001954,1.0553531558456983
S1_NoCarbon_NoDR,admm,23,5,1.0271323824473773,1.0550009310720252
S1_NoCarbon_NoDR,admm,23,6,1.0356396308713287,1.072549445031302
S1_NoCarbon_NoDR,admm,23,7,1.0360966556243283,1.073496279795918
S1_NoCarbon_NoDR,admm,23,8,1.03543771757766,1.0721312669824339
S1_NoCarbon_NoDR,admm,23,9,1.0344512223530808,1.0700893314277833
S1_NoCarbon_NoDR,admm,23,10,1.033735568762023,1.0686092261237434
S1_NoCarbon_NoDR,admm,23,11,1.0333317970396836,1.0677746027732617
S1_NoCarbon_NoDR,admm,23,12,1.0331536508535801,1.0674064662720815
S1_NoCarbon_NoDR,admm,23,13,1.0329928665875105,1.0670742624206826
S1_NoCarbon_NoDR,admm,23,14,1.0333683381922292,1.0678501223781693
S1_NoCarbon_NoDR,admm,23,15,1.0334515846488943,1.0680221778133105
S1_NoCarbon_NoDR,admm,23,16,1.0325725739581753,1.0662061204906115
S1_NoCarbon_NoDR,admm,23,17,1.031587968851123,1.0641737374783855
S1_NoCarbon_NoDR,admm,23,18,1.0323377329743035,1.0657211949225245
S1_NoCarbon_NoDR,admm,23,19,1.0329565419350102,1.0669992175263343
S1_NoCarbon_NoDR,admm,23,20,1.0338044127945019,1.0687515639133847
S1_NoCarbon_NoDR,admm,23,21,1.0350570103243255,1.0713430146215308
S1_NoCarbon_NoDR,admm,23,22,1.0363864272279957,1.0740968265424098
S1_NoCarbon_NoDR,admm,23,23,1.0355462107675315,1.0723559546349926
S1_NoCarbon_NoDR,admm,23,24,1.0329284763900537,1.0669412373374778
S1_NoCarbon_NoDR,admm,24,1,1.0369568965438323,1.0752796052898161
S1_NoCarbon_NoDR,admm,24,2,1.0373599213317697,1.0761156063854556
S1_NoCarbon_NoDR,admm,24,3,1.024495619202843,1.0495912737658164
S1_NoCarbon_NoDR,admm,24,4,1.0240205159674047,1.0486180171221497
S1_NoCarbon_NoDR,admm,24,5,1.0237220074568179,1.0480067485514168
S1_NoCarbon_NoDR,admm,24,6,1.0317553427641921,1.0645190873224555
S1_NoCarbon_NoDR,admm,24,7,1.0315237181971357,1.064041181203244
S1_NoCarbon_NoDR,admm,24,8,1.0302334441302428,1.061380949404462
S1_NoCarbon_NoDR,admm,24,9,1.028801419400315,1.058432360560103
S1_NoCarbon_NoDR,admm,24,10,1.0278298340007181,1.056434167661944
S1_NoCarbon_NoDR,admm,24,11,1.0272976688936866,1.0553405005144025
S1_NoCarbon_NoDR,admm,24,12,1.0270554230978446,1.0548428421146925
S1_NoCarbon_NoDR,admm,24,13,1.0268306171734283,1.0543811163647638
S1_NoCarbon_NoDR,admm,24,14,1.0272713848933885,1.0552864982207804
S1_NoCarbon_NoDR,admm,24,15,1.0274181600275767,1.0555880755544513
S1_NoCarbon_NoDR,admm,24,16,1.0265339829892395,1.0537720182317523
S1_NoCarbon_NoDR,admm,24,17,1.025417276732973,1.0514805914224667
S1_NoCarbon_NoDR,admm,24,18,1.0260453231069016,1.0527690050695462
S1_NoCarbon_NoDR,admm,24,19,1.0267940745205026,1.0543060714704156
S1_NoCarbon_NoDR,admm,24,20,1.0279620748598244,1.056706027350115
S1_NoCarbon_NoDR,admm,24,21,1.0296621442725615,1.0602041313479695
S1_NoCarbon_NoDR,admm,24,22,1.0315009056986264,1.0639941184570867
S1_NoCarbon_NoDR,admm,24,23,1.0312220632028959,1.0634189436364376
S1_NoCarbon_NoDR,admm,24,24,1.0290968863654972,1.059040401527161
S1_NoCarbon_NoDR,admm,25,1,1.0352149741774757,1.0716700427612715
S1_NoCarbon_NoDR,admm,25,2,1.035680914569907,1.072634956804359
S1_NoCarbon_NoDR,admm,25,3,1.022827004267312,1.0461750806584438
S1_NoCarbon_NoDR,admm,25,4,1.0223826487614611,1.0452662804885011
S1_NoCarbon_NoDR,admm,25,5,1.0220205961575923,1.0445260989703202
S1_NoCarbon_NoDR,admm,25,6,1.0298168701043728,1.060522785951567
S1_NoCarbon_NoDR,admm,25,7,1.029240427996001,1.0593358586213912
S1_NoCarbon_NoDR,admm,25,8,1.0276337198074852,1.056031062085369
S1_NoCarbon_NoDR,admm,25,9,1.0259782053849595,1.052631277924942
S1_NoCarbon_NoDR,admm,25,10,1.0248781679457744,1.050375259131887
S1_NoCarbon_NoDR,admm,25,11,1.0242815428566978,1.0491526790368975
S1_NoCarbon_NoDR,admm,25,12,1.0240071113832478,1.0485905641634634
S1_NoCarbon_NoDR,admm,25,13,1.0237501560145477,1.0480643819398108
S1_NoCarbon_NoDR,admm,25,14,1.0242237159280931,1.0490342202695513
S1_NoCarbon_NoDR,admm,25,15,1.0244023887501172,1.0494002540769463
S1_NoCarbon_NoDR,admm,25,16,1.0235156065025326,1.0475841967542472
S1_NoCarbon_NoDR,admm,25,17,1.0223325569488206,1.0451638569975137
S1_NoCarbon_NoDR,admm,25,18,1.022899485627569,1.0463233576971451
S1_NoCarbon_NoDR,admm,25,19,1.0237135034009577,1.0479893370454625
S1_NoCarbon_NoDR,admm,25,20,1.025042230980647,1.0507115752937821
S1_NoCarbon_NoDR,admm,25,21,1.0269668322821845,1.0546608746077046
S1_NoCarbon_NoDR,admm,25,22,1.0290609862911984,1.058966513506614
S1_NoCarbon_NoDR,admm,25,23,1.029063383348898,1.0589714469494809
S1_NoCarbon_NoDR,admm,25,24,1.027184772390049,1.0551085566299965
S1_NoCarbon_NoDR,admm,26,1,1.0277525850595728,1.0562753760966346
S1_NoCarbon_NoDR,admm,26,2,1.0283114445981487,1.0574244270915314
S1_NoCarbon_NoDR,admm,26,3,0.9871319445658117,0.9744294759822806
S1_NoCarbon_NoDR,admm,26,4,0.9858010249230312,0.9718036607392988
S1_NoCarbon_NoDR,admm,26,5,0.9857693060551733,0.971741124760498
S1_NoCarbon_NoDR,admm,26,6,1.014274941328882,1.0287536566077073
S1_NoCarbon_NoDR,admm,26,7,1.0156904552057144,1.0316271007959912
S1_NoCarbon_NoDR,admm,26,8,1.0152841323354997,1.0308018693722485
S1_NoCarbon_NoDR,admm,26,9,1.0132403158391992,1.02665593764192
S1_NoCarbon_NoDR,admm,26,10,1.0114858468750174,1.0231036184284712
S1_NoCarbon_NoDR,admm,26,11,1.0103788220016414,1.0208653639494245
S1_NoCarbon_NoDR,admm,26,12,1.0099431792654192,1.0199852253447428
S1_NoCarbon_NoDR,admm,26,13,1.0095937493162002,1.0192795386583424
S1_NoCarbon_NoDR,admm,26,14,1.0109704279865144,1.0220612062632362
S1_NoCarbon_NoDR,admm,26,15,1.0109659382289382,1.0220521282591175
S1_NoCarbon_NoDR,admm,26,16,1.0071913316511023,1.0144343785531207
S1_NoCarbon_NoDR,admm,26,17,1.0052807318814962,1.010589349892197
S1_NoCarbon_NoDR,admm,26,18,1.0076410360226784,1.0153404574768565
S1_NoCarbon_NoDR,admm,26,19,1.0094067381784622,1.0189019630800824
S1_NoCarbon_NoDR,admm,26,20,1.011378482067791,1.0228864339897488
S1_NoCarbon_NoDR,admm,26,21,1.0144574627497036,1.0291239437285662
S1_NoCarbon_NoDR,admm,26,22,1.0175664353640146,1.0354414503794274
S1_NoCarbon_NoDR,admm,26,23,1.0137440246900302,1.0276769475947405
S1_NoCarbon_NoDR,admm,26,24,1.0051425605387492,1.0103115670063931
S1_NoCarbon_NoDR,admm,27,1,1.0269168377146973,1.054558191581954
S1_NoCarbon_NoDR,admm,27,2,1.0274999542435332,1.055756155970463
S1_NoCarbon_NoDR,admm,27,3,0.9828191642870093,0.9659335096898155
S1_NoCarbon_NoDR,admm,27,4,0.9815636710761909,0.9634672403765687
S1_NoCarbon_NoDR,admm,27,5,0.981623683250723,0.9635850555187159
S1_NoCarbon_NoDR,admm,27,6,1.0133523971209502,1.0268830807507758
S1_NoCarbon_NoDR,admm,27,7,1.0145840241000754,1.0293807419591026
S1_NoCarbon_NoDR,admm,27,8,1.0139820096448118,1.0281595158833312
S1_NoCarbon_NoDR,admm,27,9,1.011833024988549,1.0238060704574774
S1_NoCarbon_NoDR,admm,27,10,1.0100153095446478,1.0201309255145707
S1_NoCarbon_NoDR,admm,27,11,1.0088606159018907,1.0177997423179421
S1_NoCarbon_NoDR,admm,27,12,1.0084085072389883,1.0168877174719648
S1_NoCarbon_NoDR,admm,27,13,1.0080478889673266,1.0161605464514833
S1_NoCarbon_NoDR,admm,27,14,1.009446896699094,1.0189830372554312
S1_NoCarbon_NoDR,admm,27,15,1.0094735741891439,1.0190368969862047
S1_NoCarbon_NoDR,admm,27,16,1.005377282540641,1.010783480248804
S1_NoCarbon_NoDR,admm,27,17,1.0036310708180234,1.0072753263113323
S1_NoCarbon_NoDR,admm,27,18,1.0060714187058943,1.0121796995368908
S1_NoCarbon_NoDR,admm,27,19,1.0078406248222094,1.0157427250420212
S1_NoCarbon_NoDR,admm,27,20,1.0098904658117542,1.0198787529374818
S1_NoCarbon_NoDR,admm,27,21,1.013090465346276,1.0263522909755343
S1_NoCarbon_NoDR,admm,27,22,1.0163341480426202,1.032935100477519
S1_NoCarbon_NoDR,admm,27,23,1.0127201462264466,1.0256020945729152
S1_NoCarbon_NoDR,admm,27,24,1.0026457689282702,1.0052985379497623
S1_NoCarbon_NoDR,admm,28,1,1.0235519343849806,1.0476585623832357
S1_NoCarbon_NoDR,admm,28,2,1.0242370314499851,1.049061496593478
S1_NoCarbon_NoDR,admm,28,3,0.9699128914576312,0.9407310170157026
S1_NoCarbon_NoDR,admm,28,4,0.9692633056583866,0.939471355695823
S1_NoCarbon_NoDR,admm,28,5,0.9692317071036581,0.9394101020550712
S1_NoCarbon_NoDR,admm,28,6,1.0100383796355203,1.0201775283367474
S1_NoCarbon_NoDR,admm,28,7,1.0101166723949462,1.0203356918502389
S1_NoCarbon_NoDR,admm,28,8,1.0086157898508352,1.0173058115364244
S1_NoCarbon_NoDR,admm,28,9,1.006049673831721,1.0121359462169124
S1_NoCarbon_NoDR,admm,28,10,1.003975534806063,1.0079668744891204
S1_NoCarbon_NoDR,admm,28,11,1.0025893310838445,1.0051853668031507
S1_NoCarbon_NoDR,admm,28,12,1.0020689833373038,1.0041422473666577
S1_NoCarbon_NoDR,admm,28,13,1.0016741494791042,1.0033511017346866
S1_NoCarbon_NoDR,admm,28,14,1.0031761334129576,1.006362354649372
S1_NoCarbon_NoDR,admm,28,15,1.0033681645901882,1.006747673713083
S1_NoCarbon_NoDR,admm,28,16,0.998064579457266,0.9961329047672092
S1_NoCarbon_NoDR,admm,28,17,0.9970319688092778,0.9940727468277047
S1_NoCarbon_NoDR,admm,28,18,0.99962496354959,0.999250067751519
S1_NoCarbon_NoDR,admm,28,19,1.0013359015063135,1.0026735876454616
S1_NoCarbon_NoDR,admm,28,20,1.0037002933471249,1.0074142788651046
S1_NoCarbon_NoDR,admm,28,21,1.0074166128801496,1.0148882319069132
S1_NoCarbon_NoDR,admm,28,22,1.0112297951579325,1.022585698615154
S1_NoCarbon_NoDR,admm,28,23,1.008645166700549,1.017365072308378
S1_NoCarbon_NoDR,admm,28,24,0.9937609961291344,0.9875609174275694
S1_NoCarbon_NoDR,admm,29,1,1.0212131827487174,1.0428763646197652
S1_NoCarbon_NoDR,admm,29,2,1.0219679618150914,1.044418514976492
S1_NoCarbon_NoDR,admm,29,3,0.9601441643073888,0.9218768162535341
S1_NoCarbon_NoDR,admm,29,4,0.9599543559035436,0.9215123654181874
S1_NoCarbon_NoDR,admm,29,5,0.9598694199192782,0.9213493032961717
S1_NoCarbon_NoDR,admm,29,6,1.007756999065181,1.015574169164859
S1_NoCarbon_NoDR,admm,29,7,1.0070072342593424,1.0140635698506502
S1_NoCarbon_NoDR,admm,29,8,1.0048617277001701,1.009747091796571
S1_NoCarbon_NoDR,admm,29,9,1.002004986574734,1.004013993120633
S1_NoCarbon_NoDR,admm,29,10,0.9997512257432943,0.9995025133752196
S1_NoCarbon_NoDR,admm,29,11,0.99819697959483,0.9963972100722415
S1_NoCarbon_NoDR,admm,29,12,0.9976285763301848,0.9952627763105912
S1_NoCarbon_NoDR,admm,29,13,0.9972114518499439,0.994430679700673
S1_NoCarbon_NoDR,admm,29,14,0.998787523775175,0.9975765176489458
S1_NoCarbon_NoDR,admm,29,15,0.9991013433767425,0.9982034943372116
S1_NoCarbon_NoDR,admm,29,16,0.9928722820349389,0.9857953684332673
S1_NoCarbon_NoDR,admm,29,17,0.9923943956562464,0.9848466365299267
S1_NoCarbon_NoDR,admm,29,18,0.9951148517025387,0.9902535680789655
S1_NoCarbon_NoDR,admm,29,19,0.9967739491521034,0.9935583057082801
S1_NoCarbon_NoDR,admm,29,20,0.9993585160722626,0.9987174436461547
S1_NoCarbon_NoDR,admm,29,21,1.0034404269416968,1.0068926904209345
S1_NoCarbon_NoDR,admm,29,22,1.0076557547252334,1.0153701200308796
S1_NoCarbon_NoDR,admm,29,23,1.0058185938021733,1.0116710436381813
S1_NoCarbon_NoDR,admm,29,24,0.9871967235330051,0.9745573709543005
S1_NoCarbon_NoDR,admm,30,1,1.0202296463820981,1.040868531356941
S1_NoCarbon_NoDR,admm,30,2,1.0210094134625853,1.0424602223792125
S1_NoCarbon_NoDR,admm,30,3,0.952737733349655,0.9077091885482381
S1_NoCarbon_NoDR,admm,30,4,0.9526861508239068,0.9076109019716718
S1_NoCarbon_NoDR,admm,30,5,0.9527893130826086,0.9078074751244292
S1_NoCarbon_NoDR,admm,30,6,1.0066807156539763,1.013406063269602
S1_NoCarbon_NoDR,admm,30,7,1.0056998197754266,1.0114321274963256
S1_NoCarbon_NoDR,admm,30,8,1.0032933169868348,1.0065974799104451
S1_NoCarbon_NoDR,admm,30,9,1.0003130246593166,1.0006261473030706
S1_NoCarbon_NoDR,admm,30,10,0.9979834406178261,0.9959709477473939
S1_NoCarbon_NoDR,admm,30,11,0.9963621243778608,0.9927374828947636
S1_NoCarbon_NoDR,admm,30,12,0.9957735744160419,0.9915650115053005
S1_NoCarbon_NoDR,admm,30,13,0.9953458995766021,0.9907134598039553
S1_NoCarbon_NoDR,admm,30,14,0.9969520052894394,0.9939133008506343
S1_NoCarbon_NoDR,admm,30,15,0.9973132844068815,0.9946337872544413
S1_NoCarbon_NoDR,admm,30,16,0.9905001482253954,0.9810905436345303
S1_NoCarbon_NoDR,admm,30,17,0.9903439992865681,0.9807812369229141
S1_NoCarbon_NoDR,admm,30,18,0.9932268557527151,0.9864995869884247
S1_NoCarbon_NoDR,admm,30,19,0.994871443180421,0.9897691884558936
S1_NoCarbon_NoDR,admm,30,20,0.9975492206372711,0.9951044475940272
S1_NoCarbon_NoDR,admm,30,21,1.0017828449065396,1.00356886834904
S1_NoCarbon_NoDR,admm,30,22,1.0061654157752165,1.0123688439021141
S1_NoCarbon_NoDR,admm,30,23,1.0046244501600685,1.00927028585942
S1_NoCarbon_NoDR,admm,30,24,0.9832390452281904,0.9667590200612435
S1_NoCarbon_NoDR,admm,31,1,1.0181333633542073,1.0365955455749505
S1_NoCarbon_NoDR,admm,31,2,1.0189896188049674,1.038339843232293
S1_NoCarbon_NoDR,admm,31,3,0.950613019434751,0.9036651127188542
S1_NoCarbon_NoDR,admm,31,4,0.9506014566893023,0.9036431294598235
S1_NoCarbon_NoDR,admm,31,5,0.950624582039361,0.9036870959775097
S1_NoCarbon_NoDR,admm,31,6,1.0043282618658096,1.0086752575823983
S1_NoCarbon_NoDR,admm,31,7,1.0029267098428631,1.0058619853162307
S1_NoCarbon_NoDR,admm,31,8,1.000132143546539,1.0002643045549948
S1_NoCarbon_NoDR,admm,31,9,0.9968745401126822,0.9937588487248716
S1_NoCarbon_NoDR,admm,31,10,0.9943834451050826,0.9887984358990527
S1_NoCarbon_NoDR,admm,31,11,0.9926793865147756,0.9854123644113513
S1_NoCarbon_NoDR,admm,31,12,0.9920501951536287,0.9841635897043527
S1_NoCarbon_NoDR,admm,31,13,0.9915824396818813,0.9832357346854719
S1_NoCarbon_NoDR,admm,31,14,0.9932330436758972,0.9865118790496865
S1_NoCarbon_NoDR,admm,31,15,0.9936340718650045,0.987308668771029
S1_NoCarbon_NoDR,admm,31,16,0.9867955336092264,0.973765425151118
S1_NoCarbon_NoDR,admm,31,17,0.9865614587061622,0.9733035118044306
S1_NoCarbon_NoDR,admm,31,18,0.9893782164748071,0.9788692552348701
S1_NoCarbon_NoDR,admm,31,19,0.9911061816664298,0.9822914633374101
S1_NoCarbon_NoDR,admm,31,20,0.9939860356479971,0.9880082390632214
S1_NoCarbon_NoDR,admm,31,21,0.9985022699227994,0.9970067830409831
S1_NoCarbon_NoDR,admm,31,22,1.0032034614844296,1.0064171851343415
S1_NoCarbon_NoDR,admm,31,23,1.0020006771202639,1.0040053569494674
S1_NoCarbon_NoDR,admm,31,24,0.9808692663610045,0.9621045176915752
S1_NoCarbon_NoDR,admm,32,1,1.0176716845486584,1.0356556575321043
S1_NoCarbon_NoDR,admm,32,2,1.0185448063877938,1.0374335226195484
S1_NoCarbon_NoDR,admm,32,3,0.9501450288356827,0.9027755758211604
S1_NoCarbon_NoDR,admm,32,4,0.9501422926473595,0.9027703762771806
S1_NoCarbon_NoDR,admm,32,5,0.9501477650159291,0.9027807753647652
S1_NoCarbon_NoDR,admm,32,6,1.0038100752877743,1.007634667249247
S1_NoCarbon_NoDR,admm,32,7,1.0023157058120562,1.0046367741175204
S1_NoCarbon_NoDR,admm,32,8,0.9994354687551249,0.9988712562057763
S1_NoCarbon_NoDR,admm,32,9,0.9961166168528147,0.9922483143702974
S1_NoCarbon_NoDR,admm,32,10,0.9935898382553412,0.9872207666842752
S1_NoCarbon_NoDR,admm,32,11,0.991867495064977,0.9838011277664721
S1_NoCarbon_NoDR,admm,32,12,0.9912293222783629,0.9825355693444227
S1_NoCarbon_NoDR,admm,32,13,0.9907527091108512,0.9815909306104911
S1_NoCarbon_NoDR,admm,32,14,0.992413149192289,0.9848838586897565
S1_NoCarbon_NoDR,admm,32,15,0.9928229611195291,0.9856974321261498
S1_NoCarbon_NoDR,admm,32,16,0.9859787971889856,0.9721541885062388
S1_NoCarbon_NoDR,admm,32,17,0.9857275017617444,0.9716587077294498
S1_NoCarbon_NoDR,admm,32,18,0.9885296574862019,0.9771908837297876
S1_NoCarbon_NoDR,admm,32,19,0.9902760520493411,0.9806466592624293
S1_NoCarbon_NoDR,admm,32,20,0.9932005605936268,0.9864473535634947
S1_NoCarbon_NoDR,admm,32,21,0.9977792258544032,0.9955633835466121
S1_NoCarbon_NoDR,admm,32,22,1.0025507744550284,1.0051080553603773
S1_NoCarbon_NoDR,admm,32,23,1.0014226283697412,1.0028472806109605
S1_NoCarbon_NoDR,admm,32,24,0.9803472400499095,0.9610807110734749
S1_NoCarbon_NoDR,admm,33,1,1.017528615361798,1.0353644830800979
S1_NoCarbon_NoDR,admm,33,2,1.0184069654392165,1.0371527472551136
S1_NoCarbon_NoDR,admm,33,3,0.9500000000002692,0.9025000000005114
S1_NoCarbon_NoDR,admm,33,4,0.9500000000001672,0.9025000000003175
S1_NoCarbon_NoDR,admm,33,5,0.9500000000001739,0.9025000000003305
S1_NoCarbon_NoDR,admm,33,6,1.0036494883845284,1.0073122955345257
S1_NoCarbon_NoDR,admm,33,7,1.0021263430432088,1.0042572074211549
S1_NoCarbon_NoDR,admm,33,8,0.9992195424788051,0.9984396940715525
S1_NoCarbon_NoDR,admm,33,9,0.9958816975070748,0.9917803554295728
S1_NoCarbon_NoDR,admm,33,10,0.9933438526353335,0.9867320095684072
S1_NoCarbon_NoDR,admm,33,11,0.9916158387011739,0.9833019715630326
S1_NoCarbon_NoDR,admm,33,12,0.9909748804067625,0.9820312135971973
S1_NoCarbon_NoDR,admm,33,13,0.9904955200905655,0.9810813753194798
S1_NoCarbon_NoDR,admm,33,14,0.9921590109163606,0.9843795029425311
S1_NoCarbon_NoDR,admm,33,15,0.9925715470044012,0.9851982759227103
S1_NoCarbon_NoDR,admm,33,16,0.9857256374381257,0.9716550323027993
S1_NoCarbon_NoDR,admm,33,17,0.9854690012569846,0.9711491524384386
S1_NoCarbon_NoDR,admm,33,18,0.9882666286742686,0.9766709293512047
S1_NoCarbon_NoDR,admm,33,19,0.9900187392021517,0.9801371039714181
S1_NoCarbon_NoDR,admm,33,20,0.9929570967526304,0.9859637959914126
S1_NoCarbon_NoDR,admm,33,21,0.9975551226779555,0.9951162227810308
S1_NoCarbon_NoDR,admm,33,22,1.0023484877751263,1.0047024909450826
S1_NoCarbon_NoDR,admm,33,23,1.001243482919983,1.0024885120897382
S1_NoCarbon_NoDR,admm,33,24,0.9801854614829478,0.9607635389025394
