Scenario,Method,TimeSlot,DataSum_Pload,DataSum_PloadFixed,DataSum_PdrShiftBase,DataSum_PdrShiftMax,DataSum_PdrCutEmax,DataSum_Hload,DataSum_HdrCutMax,DataSum_H2load,DataSum_H2drCutMax,DataSum_Ppv,DataSum_Pwind,DataSum_PcompFixed,Sum_Pgrid,Sum_Pch,Sum_Pdis,Sum_PpvUse,Sum_PpvCurt,Sum_PwindUse,Sum_PwindCurt,Sum_Pchp,Sum_Hchp,Sum_Fgas,Sum_Peb,Sum_Heb,Sum_Pelec,Sum_H2prod,Sum_H2cons_fc,Sum_Pfc,Sum_Pcomp,Sum_Hch,Sum_Hdis,Sum_H2ch,Sum_H2dis,Sum_H2short,Sum_Hdump,Sum_PdrShift,Sum_PdrShiftDev,Sum_PdrCutE,Sum_HdrCut,Sum_H2drCut,Sum_PloadDR,Sum_HloadDR,Sum_H2loadDR,Sum_Qpv,Sum_Qwind,Sum_Qes,Sum_QinjLocal,Sum_PinjLocal,Sum_CarbonEmission_kg,Sum_CarbonQuota_kg,Sum_CarbonBuyMarket_kg,Sum_CarbonSellMarket_kg,Sum_CarbonTradeWithCommunities_kg,Sum_CarbonUnusedAllowance_kg,Mean_SOC_e,Mean_SOC_th,Mean_SOC_h2,Mean_V,TotalRenewableAvailable_MW,TotalRenewableUsed_MW,TotalRenewableCurtailment_MW
S4_DDRE_037,centralized,1,1.37,1.2204,0.1496,0.3592,0.0712,2.285,0.1538,7.6,0.68,0,3.01149815119338,0,0.0648992841387435,4.04949236687349e-08,1.25299282170195,0,0,3.01149815030741,8.859726285948e-10,0.749999983647705,0.964285693261335,2.1428570961363,2.09049094557294,2.02777621720575,1.39124931392857,27.8249862785713,1.51750482144785e-07,2.73150867860613e-09,0.0556499725571426,1.54128560538245,0.747223782939135,33.2434841369376,13.0184979942371,4.15947396268141e-09,2.84394350737211e-09,0.321599974036384,0.172000018771431,4.10803462264133e-09,0.0869999148201675,1.21219277748129e-08,1.54199996992835,2.19800008517983,7.59999998787807,4.39106031453945e-06,4.47533240847165e-06,2.33439074466203e-06,0,0,787.5278826561,860.341555410763,0.000171221004278436,72.8138439864407,1.20821042060015e-08,0,1.49368674205078,5.65438999155036,88.2083287142335,0,3.01149815119338,3.01149815030741,8.859726285948e-10
S4_DDRE_037,centralized,2,1.3,1.1576,0.1424,0.3448,0.0672,2.23,0.15,7.6,0.68,0,2.49638220711483,0,1.12740059992105,5.63451891553807e-08,1.33490725593695,0,0,2.49638220621343,9.0140384045867e-10,0.749999986773455,0.964285697280156,2.14285710506701,2.09049154823441,2.02777680178737,2.0690369944027,41.380739888054,1.4721381786811e-07,2.64984872162597e-09,0.082761479776108,1.56948560930384,0.722223198077518,42.209870541034,8.42913078431283,4.15848672803682e-09,2.86087846765591e-09,0.308799976419354,0.166400020569994,3.72771288971903e-09,0.0851999150196734,1.2123529873194e-08,1.46639997269164,2.14480008498033,7.59999998787647,-2.91408118583245e-06,-2.75445320788626e-06,-2.54288221171091e-06,0,0,1935.02930669102,1633.84251668899,301.186949838487,0.000159847136547019,1.19164269563043e-08,0,1.02529824904446,5.89798211939603,99.4685752998178,0,2.49638220711483,2.49638220621343,9.0140384045867e-10
S4_DDRE_037,centralized,3,1.35,1.2046,0.1454,0.3508,0.0704,2.19,0.1472,15.2,1.36,0,4.26051270397981,0,5.51267128612894,3.0917062083967,5.23114563472323e-08,0,0,4.26051270263429,1.34551836339369e-09,0.487500416244983,0.626786249457835,1.39285833212852,2.97507902082579,2.88582665020101,2.57778769379746,51.5557538759491,1.37362739925489e-07,2.47252931865879e-09,0.103111507751898,1.59661284656109,0.190000050801777,43.1265230318722,6.7707692769822,4.12233117152404e-09,2.9403055413046e-09,0.308400032322102,0.163000051248067,3.34714308620829e-09,0.0839998990407685,1.25832396286836e-08,1.51300002897496,2.10600010095923,15.1999999874168,1.54726753965708,1.23907361837024,1.12500149795737,0,0,6420.01922362038,4541.73682884981,1878.28255762963,0.000162869733432219,1.19218270810961e-08,0,2.00433853001562,6.33690950298251,111.587159884781,0,4.26051270397981,4.26051270263429,1.34551836339369e-09
S4_DDRE_037,centralized,4,1.32,1.1776,0.1424,0.3448,0.0686,2.18,0.1464,15.2,1.36,0,4.65679477803497,0,7.11282639026473,2.9659347650351,4.50927390407357e-08,0,0,4.65679477683752,1.19744214543971e-09,0.272191688172006,0.349960741935437,0.777690537634304,4.47507814509362,4.34082580074081,2.99999995241034,59.9999990482068,1.35751053523286e-07,2.44351896341916e-09,0.119999998096414,2.78478648505622,0.190000046254573,49.1427886101173,4.34278968134607,4.12333221544948e-09,2.95316218856505e-09,0.303200045470649,0.160800063658471,3.33927823112249e-09,0.0839998990785594,1.25943921580277e-08,1.48080004213137,2.09600010092144,15.1999999874056,2.67597003754205,1.78506363475071,1.65221238426401,0,0,7942.2262331561,5473.22784133894,2468.99856478068,0.000172974155768986,1.19269571996483e-08,0,2.94355118978837,7.1520918736878,126.520492861061,0,4.65679477803497,4.65679477683752,1.19744214543971e-09
S4_DDRE_037,centralized,5,1.39,1.2404,0.1496,0.3592,0.0726,2.23,0.15,17.1,1.53,0,1.5874590180508,0,7.07929985639436,1.69404347857936,5.12136385100717e-08,0,0,1.5874590170003,1.05049813292624e-09,0.534691032160857,0.68745989849253,1.52768866331673,2.97508574772769,2.88583317529586,2.86146221792011,57.2292443584021,1.37620006894109e-07,2.47716012409396e-09,0.114458488716804,1.62849302286232,0.200000052555731,45.8120506564514,5.68280641937049,4.10520182477296e-09,2.95977491872525e-09,0.316000029540434,0.166400048587242,3.28296321495464e-09,0.0851998994779805,1.25967478993622e-08,1.55640002625747,2.14480010052202,17.0999999874033,2.50276587353108,1.79937906409637,2.00690912954735,0,0,8157.1197840475,5733.40302648223,2423.71692216917,0.000164614575607688,1.19182317348532e-08,0,3.47999827336918,7.59760587389093,139.896907606756,0,1.5874590180508,1.5874590170003,1.05049813292624e-09
S4_DDRE_037,centralized,6,1.65,1.4742,0.1758,0.4116,0.0876,2.41,0.1632,19,1.7,0,0.925940954476,0,1.85546058802612,8.07308842024332e-08,0.335960543284909,0,0,0.925940953598955,8.77045880365301e-10,1.34999993804759,1.73571420606118,3.85714268013596,0.800039639348191,0.776038450167746,1.76146378710007,35.2292757420015,1.47521221689233e-07,2.6553819904062e-09,0.0704585514840029,0.349085634736782,0.158533070728339,29.6924336963396,13.4631580854362,4.110324348862e-09,2.94298185821162e-09,0.361199971062914,0.185400017400937,4.16609811487876e-09,0.0887999107224976,1.27154488147747e-08,1.83539996689682,2.3212000892775,18.9999999872846,0.350497289097878,0.350498216161192,0.350498277368327,0,0,3295.28338437706,2814.34605063305,480.937488269351,0.000154535012309592,1.19255503250315e-08,0,3.36211740655369,7.6525240193727,145.306666143723,0,0.925940954476,0.925940953598955,8.77045880365301e-10
S4_DDRE_037,centralized,7,2,1.786,0.214,0.488,0.108,2.685,0.1832,22.8,2.04,0,0.526841134360187,0,0.604611199001307,4.48994345353507e-08,0.436508091265585,0,0,0.526841133677278,6.82909395699483e-10,1.66868330150554,2.14544995907855,4.76766657573012,0.439093743046106,0.425920930754723,0.767351535022133,15.3470307004427,1.28609307397649e-07,2.31496753315769e-09,0.0306940614008853,0.176428645963935,0.195257732831534,17.1682117629166,24.6211811739953,4.1571218038627e-09,2.75998002230438e-09,0.213504355646172,0.000495719692451837,1.23014349340549e-08,0.0948000260591052,1.33324905301521e-08,1.99950434334474,2.59019997394089,22.7999999866675,0.00288828578378762,0.00288862355220753,0.0028884503074366,0,0,2249.21288625551,2249.2207830516,0.000159669968457889,0.00805647564712809,1.2343022604e-08,0,3.20895668699486,7.63988160539109,142.822343006697,0,0.526841134360187,0.526841133677278,6.82909395699483e-10
S4_DDRE_037,centralized,8,2.56,2.286,0.274,0.608,0.1436,3.015,0.2076,26.6,2.38,0,0.957423885192843,0,1.90420868284648e-08,3.75344038394159e-08,0.794235309571057,0,0,0.957423884543314,6.49529430241103e-10,1.87878348653823,2.41557876840629,5.36795281868065,0.439059797559916,0.425888003633118,0.613075756554517,12.2615151310903,1.29425675795739e-07,2.32966216432331e-09,0.0245230302621807,0.296428613833588,0.369161818351597,14.2198279867833,28.5583129679998,4.14395547770723e-09,2.81449163974656e-09,0.267784114313656,0.00621593124036766,3.42536289345831e-08,0.100800026257073,1.33778594907241e-08,2.55378408006003,2.91419997374293,26.5999999866221,-4.77933288274494e-06,-4.62690676804401e-06,-4.51390049232933e-06,0,0,1797.21091512139,2036.8390276927,0.000160803286109694,239.62827338422,1.18771659174399e-08,0,2.93027764289135,7.60422020385945,138.042848012958,0,0.957423885192843,0.957423884543314,6.49529430241103e-10
S4_DDRE_037,centralized,9,2.81,2.5094,0.3006,0.6612,0.1556,3.23,0.2232,30.4,2.72,0.173109623524628,1.59882442654106,0,8.47967429896677e-09,3.66796752510604e-08,0.229513204382769,0.173109621590884,1.93374451173955e-09,1.59882442594197,5.99083227470487e-10,1.87878415227774,2.4155796243571,5.36795472079354,0.439059865926583,0.425888069948785,0.613075394251414,12.2615078850283,1.27895158198443e-07,2.30211284757198e-09,0.0245230157700566,0.131428619134142,0.414360901468178,12.7014581945922,30.8399504198921,4.14513885766268e-09,2.89433488287472e-09,0.294173137578996,0.00642690880361412,3.52952163326809e-08,0.105600026254418,1.38234443483296e-08,2.80357310228378,3.12439997374558,30.3999999861766,-1.6112293373552e-05,-1.58108736066135e-05,-1.57127082878935e-05,0,0,1797.21154054857,2036.83974174913,0.000161312095916496,239.628362522321,1.19384502283992e-08,0,2.84974670560078,7.50044947659694,131.996683937858,0,1.77193405006568,1.77193404753286,2.53282773921004e-09
S4_DDRE_037,centralized,10,2.99,2.6698,0.3202,0.7004,0.1644,3.36,0.2324,34.2,3.06,0.349881104519964,1.92874979875043,0,8.27807030153366e-09,3.81743075109297e-08,0.155374649494963,0.349881102489893,2.03007081978068e-09,1.92874979816185,5.88580739702138e-10,1.87878427723717,2.41557978501922,5.36795507782048,0.69133485241629,0.670594806843802,0.613075461706398,12.261509234128,1.26243828428483e-07,2.27238891171269e-09,0.0245230184682559,5.37836377595321e-08,0.164625438019366,11.3729382997484,33.311429173486,4.14660784837133e-09,2.8638160731731e-09,0.31405650234121,0.00614354561809134,3.52443101857413e-08,0.10920002676507,1.46343481049343e-08,2.9838564670969,3.25079997323493,34.1999999853657,2.91681244229604e-05,2.94796370164432e-05,2.9618373978229e-05,0,0,1797.21165986481,2036.83987707419,0.000161730502631305,239.628378949575,1.19544374399538e-08,0,2.79522929681428,7.44268618204323,124.683853646612,0,2.27863090327039,2.27863090065174,2.61865155948282e-09
S4_DDRE_037,centralized,11,3.26,2.9124,0.3476,0.7552,0.1816,3.43,0.2372,38,3.4,0.550433305365296,1.14960374070527,0,8.47714235203339e-09,3.6415408996624e-08,0.298726082936271,0.550433303294489,2.07080655401093e-09,1.14960374008015,6.25121066022416e-10,1.87878402513381,2.41557946088633,5.36795435752518,0.14175610999552,0.137503426695655,0.613075447441676,12.2615089488335,1.25261450986366e-07,2.25470611775459e-09,0.024523017897667,5.14033708385929e-08,0.765317139568291,10.2378330659037,35.9763242221475,4.15475550929407e-09,2.90344281950183e-09,0.185792585282294,0.161807461418511,3.49255487062681e-08,0.111600027156539,1.64300521883958e-08,3.09819255035675,3.31839997284346,37.9999999835699,0.00629758284612103,0.0062978328069376,0.00629807377092718,0,0,1797.21141892221,2036.83960390718,0.000162158748641636,239.628347153388,1.19440013435224e-08,0,2.69041313889491,7.17415386864859,116.104356594531,0,1.70003704607056,1.70003704337464,2.69592762003334e-09
S4_DDRE_037,centralized,12,3.29,2.9382,0.3518,0.7636,0.1828,3.47,0.24,38,3.4,0.917544200955567,0.839833357539003,0,9.87468339317391e-09,3.73152042841934e-08,0.325299780943472,0.917544198879541,2.07602612878333e-09,0.839833356906187,6.32816576917605e-10,1.80505872214376,2.32078978561341,5.15731063469646,0.187429909730112,0.181807012438209,0.61307617109517,12.2615234219034,1.25185050402872e-07,2.2533309072517e-09,0.0245230468438068,5.11386011788565e-08,0.854603229599876,10.2849697853624,36.0234464682862,4.15540958236938e-09,2.90803370273096e-09,0.124506941400877,0.227293106361915,3.54541918720827e-08,0.112800026395142,1.6604530987375e-08,3.06270690594669,3.35719997360486,37.9999999833955,0.00632493474182168,0.00632519787171949,0.00632548465434775,0,0,1726.68710579523,1956.91204833675,0.000162510063463427,230.225105061258,1.19104726081787e-08,0,2.57627287669651,6.87429310252711,107.524864366887,0,1.75737755849457,1.75737755578573,2.70884270570093e-09
S4_DDRE_037,centralized,13,3.26,2.9104,0.3496,0.7592,0.18,3.47,0.24,38,3.4,1.40106462291757,0.716102649681947,0,2.12936719810471e-08,1.58726642158946e-07,0.22516292923344,1.40106462082458,2.09298745001973e-09,0.716102649034678,6.47268905140663e-10,1.78220167443123,2.29140215284015,5.09200478408922,0.187441095553694,0.181817862687083,0.823676152184443,16.4735230436889,1.22821390702661e-07,2.2107850326479e-09,0.0329470460873777,5.08542803774267e-08,0.883980011394559,11.9993555942993,33.5258326530322,4.15486881362267e-09,2.87578105773179e-09,0.17006745706791,0.179532645384619,1.26562759073751e-08,0.112800026808268,1.66470508673749e-08,3.08046744441164,3.35719997319173,37.999999983353,0.00644476287885472,0.00644509493113572,0.00644536320987734,0,0,1704.82247248832,1932.1321249251,0.000163349872434839,227.309815796316,1.19091385641923e-08,0,2.49726839038724,6.56412469358097,100.349372013976,0,2.11716727259952,2.11716726985926,2.7402563551604e-09
S4_DDRE_037,centralized,14,3.29,2.9372,0.3528,0.7656,0.1826,3.46,0.2396,38,3.4,1.5237213534031,1.2179588663571,0,1.59859243887456e-07,4.60480424560784e-08,1.15993275574405e-06,1.52372135134532,2.05777761497217e-09,1.21795886573644,6.20658413552633e-10,1.78219536726981,2.29139404363261,5.09198676362803,0.32930751919053,0.319428293614814,0.869779917856062,17.3955983571212,1.2314445131469e-07,2.21660012366443e-09,0.0347911967142425,5.30887656449614e-08,0.737577696197244,12.6085661750118,33.2129679205742,4.15420440003151e-09,2.85240620012672e-09,0.352798241976555,1.82269020679579e-06,1.54923452273223e-08,0.111600022496499,1.67109021935057e-08,3.28999822648421,3.3483999775035,37.9999999832891,0.0330851459349522,0.0330855304715429,0.0330858345355751,0,0,1704.81658882062,1932.12538803985,0.000165600306595658,227.308964829186,1.19038148227446e-08,0,2.49726799797573,6.30532551874442,93.481238098788,0,2.7416802197602,2.74168021708176,2.6784360285248e-09
S4_DDRE_037,centralized,15,3.1,2.7668,0.3332,0.7264,0.168,3.46,0.24,36.1,3.23,1.76191296801801,0.982033222143146,0,1.50667994298744,0.192121237652873,2.15282629633711e-07,1.76191296596072,2.05729411284494e-09,0.98203322150503,6.38116892659468e-10,1.7821955720709,2.2913943069483,5.091987348774,0.844983335164009,0.819633835109089,1.822805288583,36.45610577166,1.21908923925952e-07,2.19436063066713e-09,0.07291221154332,5.3910040320484e-08,0.238571892232271,20.9499448076379,20.5938391380526,4.17404172553378e-09,2.85413925826816e-09,0.333199858892305,2.59970234749648e-07,1.1902881245391e-08,0.110400022474518,1.60623684793097e-08,3.09999984698942,3.34959997752548,36.0999999839376,0.578623029225727,0.578624747573206,0.578624291022961,0,0,3332.03095050815,3028.98849218746,303.042620962656,0.000162651656988626,1.19188996450248e-08,0,2.55810631436193,6.22161609994533,93.5999399886509,0,2.74394619016116,2.74394618746575,2.69541100550441e-09
S4_DDRE_037,centralized,16,3.08,2.75,0.33,0.72,0.1664,3.45,0.2396,36.1,3.23,1.58702825008844,1.21964751265268,0,0.960935167754369,6.74711647174733e-08,1.46537561844183e-06,1.58702824804286,2.04558181504666e-09,1.21964751203383,6.18842088684346e-10,1.83637463121762,2.36105309727979,5.24678466062176,0.784709674266906,0.761168384038899,1.74482205754097,34.8964411508194,1.22504306171126e-07,2.20507751108026e-09,0.0697928823016389,5.42118763046609e-08,0.218578553927551,20.4729620585717,21.6765210104667,4.172446510122e-09,2.90221169318983e-09,0.254662358285036,0.0753377249448469,1.33041981255419e-08,0.109200021867845,1.60199015524623e-08,3.00466234498084,3.34079997813215,36.0999999839801,0.350227358759887,0.350228135545011,0.350227704381969,0,0,2794.4533183969,2690.42325097699,104.030227608714,0.000160198607794173,1.20656764579508e-08,0,2.5581058215613,6.14492188766451,93.1987536713442,0,2.80667576274112,2.8066757600767,2.66442390373101e-09
S4_DDRE_037,centralized,17,3.24,2.896,0.344,0.748,0.1784,3.44,0.2392,34.2,3.06,1.4239952371715,1.14256940689968,0,2.61252523590728e-08,7.7461299803602e-08,1.0593764436495e-06,1.42399523511838,2.0531240596533e-09,1.14256940628384,6.1583871335813e-10,1.83637633235128,2.36105528445165,5.24678952100366,0.0151999777154483,0.0147439783839849,1.10359940837248,22.0719881674495,1.22969844680231e-07,2.21345720424416e-09,0.0441439763348991,5.22928722679654e-08,0.956200765887406,15.3191986812525,27.4472106178138,4.17085185722706e-09,2.99642688439405e-09,0.343998634520237,1.44624033990747e-06,1.30062720668288e-08,0.108000026566262,1.51899879596453e-08,3.23999862151396,3.33199997343374,34.19999998481,0.0299491878901183,0.0299496679283134,0.0299498768274102,0,0,1756.64499271169,1990.86431211512,0.000162809806267425,234.219482222939,1.19324532477094e-08,0,2.55810547438009,5.80941286356175,89.1560830258206,0,2.56656464407119,2.56656464140223,2.66896277301143e-09
S4_DDRE_037,centralized,18,3.33,2.9796,0.3504,0.7608,0.1848,3.39,0.236,32.3,2.89,0.880834507773385,1.03353122135993,0,7.14506785845415e-09,3.67781363463494e-08,0.104926546596369,0.880834505709938,2.06344796804814e-09,1.03353122073648,6.23447515835096e-10,1.92431392491251,2.47411790345894,5.49803978546431,0.0151035480353563,0.0146504415942956,0.77635968364777,15.5271936729554,1.25157592680397e-07,2.25283666824715e-09,0.0310543873459108,5.11662531691377e-08,0.795631682097055,13.180007436409,29.9528138702794,4.16269583784569e-09,3.10345249499022e-09,0.141488586750949,0.208911461427439,3.5273827410388e-08,0.105600027119415,1.45713990378868e-08,3.12108855147712,3.28439997288059,32.2999999854286,0.00653708575738991,0.00653737432105757,0.00653762668252718,0,0,1840.76451048051,2086.19977500063,0.000161342074478664,245.435425871855,1.19371179607697e-08,0,2.52128915388793,5.53024386850345,83.5651475478672,0,1.91436572913331,1.91436572644642,2.68689548388323e-09
S4_DDRE_037,centralized,19,3.56,3.1896,0.3704,0.8008,0.2044,3.27,0.2276,30.4,2.72,0.485884741435937,0.956506113783045,0,6.24145199705311e-09,3.5182958938726e-08,0.730520859104376,0.485884739380551,2.05538625008828e-09,0.956506113145337,6.37708441608709e-10,1.99521125064321,2.56527160796984,5.7006035732663,7.09688201418466e-06,6.88397555375912e-06,0.776358756379889,15.5271751275978,1.25935680433463e-07,2.26684224780233e-09,0.0310543502551956,0.0714286172316183,0.674150101202595,13.8679567697237,28.7407817502567,4.14866403214097e-09,3.24854698696697e-09,0.17110276842603,0.199297279387906,3.64110115275101e-08,0.10200002733218,1.40590362349615e-08,3.36070273201502,3.16799997266782,30.399999985941,0.00630550800451602,0.00630580308796339,0.00630604149445417,0,0,1908.58363135183,2163.06144576965,0.000160926751908374,254.47797535423,1.19100285189688e-08,0,2.26496605657191,5.31631903546771,78.607539221019,0,1.44239085521898,1.44239085252589,2.69309469169698e-09
S4_DDRE_037,centralized,20,3.52,3.1564,0.3636,0.7872,0.2032,3.1,0.2156,26.6,2.38,0.0368568500424833,0.860808606673564,0,6.08140342365711e-09,3.66858933899956e-08,1.427895482078,0.0368568483324461,1.71003728885455e-09,0.860808606028613,6.44950315376036e-10,1.99521142542008,2.56527183268295,5.70060407262879,5.32765885134205e-06,5.16782908580179e-06,0.776358665238891,15.5271733047778,1.27093799966025e-07,2.28768839938845e-09,0.0310543466095556,0.221428613708822,0.658951589335889,15.5060212764241,26.5788480814857,4.14251404915933e-09,3.23918669664636e-09,0.356954022926274,0.00664602608528812,2.89568949628177e-08,0.0972000271000809,1.35141446621974e-08,3.51335399396938,3.00279997289992,26.5999999864859,1.73942293825187e-05,1.76203611109811e-05,1.78861371932977e-05,0,0,1908.58379836743,2163.06163513338,0.000160804314476488,254.477997579949,1.19098064743639e-08,0,1.76395010956569,5.15522701249724,74.9165969526632,0,0.897665456716047,0.897665454361059,2.35498760423059e-09
S4_DDRE_037,centralized,21,3.14,2.814,0.326,0.712,0.1804,2.92,0.2024,22.8,2.04,0,1.30434861240671,0,8.31609794407009e-09,3.68612399861161e-08,0.641043163759918,0,0,1.30434861177231,6.34405639132751e-10,1.99521141234802,2.56527181587603,5.70060403528006,5.65369503913477e-06,5.48408418796073e-06,0.776358855206448,15.527177104129,1.27522843243135e-07,2.29541117837644e-09,0.0310543542082579,0.361428615797671,0.62255129169139,17.4285396371072,24.7013626433693,4.14033114817824e-09,3.16921211496179e-09,0.319184332782991,0.00681571453438678,3.43160663688278e-08,0.0936000273152758,1.33942532382381e-08,3.13318429846692,2.82639997268472,22.7999999866057,-1.09729612483323e-05,-1.08468161193879e-05,-1.0639727286234e-05,0,0,1908.58378827641,2163.06162258847,0.000160011707287288,254.477994333422,1.18929310843896e-08,0,1.53902269535815,5.05124035778382,72.492322617232,0,1.30434861240671,1.30434861177231,6.34405639132751e-10
S4_DDRE_037,centralized,22,2.84,2.5468,0.2932,0.6464,0.1632,2.72,0.1872,19,1.7,0,1.60575973536575,0,1.22759845142849e-08,3.93911866379669e-08,0.424696775112709,0,0,1.6057597347642,6.01549254852785e-10,1.99521109967362,2.56527141386608,5.70060314192463,0.384873034658649,0.37332684361889,0.776359805487186,15.5271961097437,1.26994174754676e-07,2.28589514558416e-09,0.0310543922194874,0.461428613899122,0.151630332209795,19.388244211133,22.8610482112688,4.15950285231777e-09,3.08123415670991e-09,0.286580385051251,0.00661966066774704,3.27482144683764e-08,0.091200027285588,1.33562198731578e-08,2.83338035230304,2.62879997271441,18.9999999866438,-3.53420624131054e-06,-3.33325814008133e-06,-3.32024271987456e-06,0,0,1908.58349345431,2163.06128649266,0.000160366711828988,254.477953414746,1.19186882585609e-08,0,1.39000629551218,5.14415579351522,71.3347212838392,0,1.60575973536575,1.6057597347642,6.01549254852785e-10
S4_DDRE_037,centralized,23,2.19,1.9584,0.2316,0.5232,0.1248,2.52,0.172,17.1,1.53,0,1.82878237497452,0,2.53685043222752e-08,0.25666412069261,0.422983933032549,0,0,1.82878237434832,6.26202867337611e-10,1.88666208242557,2.42570839169002,5.39046309264449,0.44012598635185,0.426922206761294,1.20970444789084,24.1940889578168,1.24508903231911e-07,2.2411602581744e-09,0.0483881779156336,0.521429066714325,0.0999984456256892,24.9900943841184,17.8960055337076,4.17587756178464e-09,3.02116498485105e-09,0.225145713961361,0.00645438239115393,2.94484102815267e-08,0.0888000256584849,1.332931679801e-08,2.18354568451295,2.43119997434152,17.0999999866707,6.96930546597267e-07,9.35223422302788e-07,5.93095933356531e-07,0,0,1804.74744676585,2045.38042708519,0.000161770738268076,240.633142099725,1.19118048758082e-08,0,1.32286785196123,5.27418782405942,73.6994175672989,0,1.82878237497452,1.82878237434832,6.26202867337611e-10
S4_DDRE_037,centralized,24,1.89,1.688,0.202,0.464,0.1072,2.38,0.1612,15.2,1.36,0,2.39990107593203,0,2.11415694026994,1.92778589995671,1.52800436638569e-07,0,0,2.39990107536084,5.71184433084682e-10,1.82994169420155,2.35278217825914,5.22840484057586,0.440123130025473,0.426919436124709,1.92508737004517,38.5017474009035,1.19847623717086e-07,2.15725722690754e-09,0.0770034948018069,0.487301846743739,2.15255584027209e-07,34.6174895102761,11.3157422121727,4.18966489227023e-09,2.93557944619494e-09,0.285999977429631,0.0840000364705989,7.52393344098107e-09,0.0876000200398863,1.32595517954245e-08,1.9739999699057,2.29239997996011,15.1999999867404,0.171447206326997,0.171448106256628,0.171446508517474,0,0,4033.77919948663,3522.99458371096,510.784768010961,0.000152244875928855,1.19248966257146e-08,0,1.93333333333333,5.4285,81.4666666666667,0,2.39990107593203,2.39990107536084,5.71184433084682e-10
