Scenario,Method,Community,TimeSlot,Data_Pload,Data_PloadFixed,Data_PdrShiftBase,Data_PdrShiftMax,Data_PdrCutEmax,Data_Hload,Data_HdrCutMax,Data_H2load,Data_H2drCutMax,Data_Ppv,Data_Pwind,Data_PcompFixed,Pgrid,Pch,Pdis,SOC_e,PpvUse,PpvCurt,PwindUse,PwindCurt,Pchp,Hchp,Fgas,Peb,Heb,Pelec,H2prod,H2cons_fc,Pfc,Pcomp,Hch,Hdis,SOC_th,H2ch,H2dis,SOC_h2,H2short,Hdump,PdrShift,PdrShiftDev,PdrCutE,HdrCut,H2drCut,PloadDR,HloadDR,H2loadDR,Qpv,Qwind,Qes,QinjLocal,PinjLocal,V,CarbonEmission_kg,CarbonQuota_kg,CarbonBuyMarket_kg,CarbonSellMarket_kg,CarbonTradeWithCommunities_kg,CarbonUnusedAllowance_kg,Data_Emax,Data_SOC0_e,Data_EthMax,Data_SOC0_th,Data_EH2Max,Data_SOC0_h2
S4_DDRE_100,centralized,1,1,0.22,0.2024,0.0176,0.0552,0.0132,0.625,0.05,1.4,0.14,0,0,0,3.27315520895998e-09,3.2532107868493e-09,0.26938458761416,1.31643727928617,0,0,0,0,0,0,0,0.0493845929726284,0.0479030551834495,3.2770942637857e-09,6.5541885275714e-08,1.18568560637093e-08,2.13423409146768e-10,1.31083770551428e-10,3.27512810879295e-09,0.527097031571267,4.44516102251004,5.24991172538496,6.64991167032941,51.7500000550555,3.71081797995723e-10,2.0119991089862e-10,0.0175999918049539,1.22273219163971e-08,3.38512151159027e-10,0.0499999167216114,1.00229400920224e-09,0.219999991466442,0.575000083278389,1.39999999899771,-3.23385302023904e-06,-6.21796321053576e-07,-1.34062652484459e-06,0,0,0,3.53500762567678e-06,2.38285699212287e-06,4.56695858226831e-06,28.6667320611095,28.6667286461912,0,3.2,1.6,10,5,106.3,53.15
S4_DDRE_100,centralized,1,2,0.2,0.184,0.016,0.052,0.012,0.61,0.0488,1.4,0.14,0,0,0,1.95023312132194e-08,3.32457179310168e-09,0.249384717706154,1.05392705328024,0,0,0,0,0,0,0,0.0493847389675964,0.0479031967985685,3.49068101843963e-09,6.98136203687927e-08,1.18240889298048e-08,2.12833600736486e-10,1.39627240737585e-10,3.31465068589983e-09,0.513296890083345,3.90484850978177,5.24675746048169,6.6467574011215,50.3500001144157,3.71071767475341e-10,2.01530389598581e-10,0.0159999918368444,1.21923551773205e-08,3.38278136099672e-10,0.0487999166342675,1.00230426826883e-09,0.199999991498566,0.561200083365732,1.3999999989977,-1.90400932354547e-06,-9.73921995073876e-07,-1.37392940530038e-06,0,0,0,2.1062517710277e-05,1.41976971232238e-05,4.3372903785212e-06,28.2239939738233,28.2239965014492,0,3.2,1.6,10,5,106.3,53.15
S4_DDRE_100,centralized,1,3,0.28,0.2576,0.0224,0.0648,0.0168,0.6,0.048,2.8,0.28,0,0,0,0.898556818273073,3.23848363761115e-08,3.66294792945898e-09,1.05392708019011,0,0,0,0,0,0,0,0.618556722049488,0.600000020388003,6.26057467709414e-08,1.25211493541883e-06,1.12092898012792e-08,2.01767216423025e-10,2.50422987083765e-09,2.75260537134954e-08,3.75035903360232e-09,3.9048485319842,4.72268340626936,7.5226821639845,47.5500013567006,3.70905670548053e-10,2.12879269767541e-10,0.0224000029021718,8.5845878055546e-09,3.08967364181423e-10,3.6005708775053e-09,1.01097056905531e-09,0.280000002593204,0.599999996399429,2.79999999898903,0.138720284307302,0.138718670951069,0.138719153980974,0,0,0,970.441363734918,654.149363702797,406.152326896568,4.69092382885264e-06,-89.8603221735017,0,3.2,1.6,10,5,106.3,53.15
S4_DDRE_100,centralized,1,4,0.27,0.2484,0.0216,0.0632,0.0162,0.59,0.0472,2.8,0.28,0,0,0,3.22182503151119,0.885187977503394,3.31186958051697e-09,1.89485565533212,0,0,0,0,0,0,0,1.92000144778162,1.86240140434817,0.140995774232906,2.81991548465812,1.10775974864117e-08,1.99396754755411e-10,0.00563983096931623,1.2724014106064,3.29422126282773e-09,5.1136298685915,5.93645209645935,5.91653662149985,47.5699168316594,3.70925367222454e-10,2.14822604149845e-10,0.021600004839413,9.66942221461803e-09,3.04385752478706e-10,3.17883223300973e-09,1.0110433282195e-09,0.270000004535027,0.589999996821168,2.79999999898896,0.466952460629296,0.439999070519664,0.371540964953922,0,0,0,3479.57103403208,2345.48862294014,706.986769455848,4.84763593757253e-06,427.09564648375,0,3.2,1.6,10,5,106.3,53.15
S4_DDRE_100,centralized,1,5,0.29,0.2668,0.0232,0.0664,0.0174,0.61,0.0488,3.15,0.315,0,0,0,3.24716911706894,0.890533803513395,3.38941568942469e-09,2.74086276510203,0,0,0,0,0,0,0,1.91999970671571,1.86239971551424,0.140995774919346,2.81991549838691,1.10737153529735e-08,1.99326876353522e-10,0.00563983099677382,1.25239972177204,3.29464556601305e-09,6.30340960080621,5.81619185355292,6.1462763648586,47.2398323203523,3.70881703051647e-10,2.14789075414501e-10,0.0232000048166675,9.65641515044527e-09,3.04499618609018e-10,3.17795028131329e-09,1.01284254877888e-09,0.290000004512168,0.60999999682205,3.14999999898716,0.461855592079959,0.439997649845171,0.358538528950207,0,0,0,3506.94264643445,2363.93911722619,661.918181740225,4.76721557196505e-06,481.085352235273,0,3.2,1.6,10,5,106.3,53.15
S4_DDRE_100,centralized,1,6,0.38,0.3496,0.0304,0.0808,0.0228,0.69,0.0552,3.5,0.35,0,0,0,5.92409707651958e-09,3.09308579844408e-09,0.799999784957365,1.89875773124324,0,0,0,0,0,0,0,0.419999793930929,0.407399800113001,3.56554911491699e-09,7.13109822983398e-08,1.17277762664541e-08,2.11099972796174e-10,1.4262196459668e-10,3.27114080900082e-09,0.227400286719746,6.06404088105143,4.36158794372313,7.86158788275698,43.7398323813201,3.70815329764797e-10,2.01800687271714e-10,0.0303999907010126,1.31668391044335e-08,3.4101244362003e-10,0.0551999166401941,1.01496749511187e-09,0.37999999036,0.634800083359806,3.49999999898503,-2.15130456494292e-06,-8.0156703362028e-07,-1.26915243275816e-06,0,0,0,6.39802484264115e-06,4.31274267170626e-06,4.49843665401104e-06,35.2257790828913,35.2257766697901,0,3.2,1.6,10,5,106.3,53.15
S4_DDRE_100,centralized,1,7,0.4,0.368,0.032,0.084,0.024,0.78,0.0624,4.2,0.42,0,0,0,1.11028469855364e-09,3.21919779986127e-09,0.438001819769182,1.43770318717595,0,0,0,0,0,0,0,0.038001823044326,0.0368617683529963,3.26871947981189e-09,6.53743895962377e-08,1.18390889162001e-08,2.13103600491602e-10,1.30748779192475e-10,3.31268826991057e-09,0.680738317388172,5.34747423431636,4.11458010179301,8.31458004687096,39.5398324362412,3.70679450920589e-10,2.01791652831851e-10,0.0319999917704888,1.22461199729502e-08,3.41193499071591e-10,0.0623999177733115,1.01880298844081e-09,0.399999991429295,0.717600082226688,4.1999999989812,-3.22181401991785e-06,-3.85275000889198e-07,-1.09597675727894e-06,0,0,0,1.19910747443793e-06,8.08287260547047e-07,4.56549514335645e-06,38.2495167413591,38.2495125666926,0,3.2,1.6,10,5,106.3,53.15
S4_DDRE_100,centralized,1,8,0.42,0.3864,0.0336,0.0872,0.0252,0.86,0.0688,4.9,0.49,0,0,0,7.06527433281118e-10,3.23986465894645e-09,0.458001673754355,0.955596165249215,0,0,0,0,0,0,0,0.0380016766432205,0.0368616263439239,3.17589555753828e-09,6.35179111507656e-08,1.16869452008681e-08,2.10365013615627e-10,1.27035822301531e-10,3.29364026792929e-09,0.754338458475458,4.55343375483941,3.79374960286839,8.69374954964701,34.6398324894626,3.70455504401847e-10,2.02089581180509e-10,0.0335999918261206,1.22005591281013e-08,3.41182933229689e-10,0.0687999186763482,1.02267554460276e-09,0.419999991484938,0.791200081323652,4.89999999897732,-3.03596358810534e-06,-2.62048589914197e-07,-9.5502859815604e-07,0,0,0,7.63049627943608e-07,5.14351971428654e-07,4.56760853507608e-06,43.1963617296786,43.1963574109076,0,3.2,1.6,10,5,106.3,53.15
S4_DDRE_100,centralized,1,9,0.5,0.46,0.04,0.1,0.03,0.83,0.0664,5.6,0.56,0.131725723688668,0,0,5.16911825404113e-10,3.25418429816853e-09,0.406275950414329,0.527937273167722,0.131725723501614,1.87053622591193e-10,0,0,0,0,0,0.0380016764529806,0.0368616261593912,3.21139521355979e-09,6.42279042711957e-08,1.16498071911479e-08,2.09696529440662e-10,1.28455808542391e-10,3.28619715562721e-09,0.726738459050907,3.78844590632815,3.57257495934131,9.17257490537088,29.039832543433,3.70299350643849e-10,2.02306456309476e-10,0.0399999919369754,1.21120768764011e-08,3.41022011118502e-10,0.0663999182782058,1.02482789533174e-09,0.499999991595953,0.763600081721794,5.59999999897517,-3.79424995192198e-06,-1.81305859148072e-06,-2.29291467685354e-06,0,0,0,5.58264771436443e-07,3.76311808894195e-07,4.54150209451091e-06,41.9152279926296,41.9152236331355,0,3.2,1.6,10,5,106.3,53.15
S4_DDRE_100,centralized,1,10,0.54,0.4968,0.0432,0.1064,0.0324,0.75,0.06,6.3,0.63,0.380462038520285,0,0,5.0496399993689e-10,3.27023394996022e-09,0.197539781033958,0.320000664659758,0.380462038331614,1.88670412626379e-10,0,0,0,0,0,0.0380018218373729,0.0368617671822517,3.26731750122105e-09,6.53463500244209e-08,1.16972146063816e-08,2.10549862914868e-10,1.30692700048842e-10,3.27588035359495e-09,0.653138318880468,3.10093188956602,3.33499319296193,9.634993137919,22.739832598476,3.7011709377544e-10,2.02234645696464e-10,0.0431999919152622,1.21309358067005e-08,3.40794907787564e-10,0.0599999174153955,1.02646846968529e-09,0.539999991574467,0.690000082584604,6.29999999897353,0.00734956687204737,0.0073510665888479,0.00735078020837454,0,0,0,5.45361119931841e-07,3.67613791954056e-07,4.39379166377042e-06,28.1643801583613,28.1643759424093,0,3.2,1.6,10,5,106.3,53.15
S4_DDRE_100,centralized,1,11,0.6,0.552,0.048,0.116,0.036,0.68,0.0544,7,0.7,0.835892655819328,0,0,5.46119299739083e-10,3.22844292100551e-09,3.6052321886923e-07,0.320000288228662,0.835892655627221,1.92107107999107e-10,0,0,0,0,0,0.235893018230052,0.22881622768315,3.58614166570664e-09,7.17228333141329e-08,1.17278923433589e-08,2.11102062180461e-10,1.43445666628266e-10,3.26389358420638e-09,0.396783859019594,2.68326467264629,3.09847925385279,10.0984791924631,15.7398326598654,3.69909391884383e-10,2.0158275049198e-10,0.0479999920597563,1.20085640704142e-08,3.41329298568133e-10,0.0543999167627318,1.02748312694266e-09,0.599999991718427,0.625600083237268,6.99999999897252,0.0121229902214807,0.0121242131103787,0.0121240034810406,0,0,0,5.89808843718209e-07,3.97574850210052e-07,4.18697315357559e-06,19.2289242769577,19.2289202824412,0,3.2,1.6,10,5,106.3,53.15
S4_DDRE_100,centralized,1,12,0.58,0.5336,0.0464,0.1128,0.0348,0.64,0.0512,7,0.7,1.53490540380856,0,0,4.99528627208397e-10,1.03485035405241e-07,3.33396228542693e-09,0.32000038303002,1.53490540360141,2.07152295317314e-10,0,0,0,0,0,0.65979387155078,0.640000055404257,0.283760989193368,5.67521978386735,1.10730975076724e-08,1.99315755138103e-10,0.0113504395677347,6.19791380899339e-08,3.43383407256258e-09,2.68326472791211,5.34868441709186,6.67346464290448,14.4150524340528,3.69986025524892e-10,2.1524304560927e-10,0.046400004144529,9.24005832233425e-09,3.07439791245506e-10,3.35629007092666e-09,1.02592419361417e-09,0.580000003837089,0.63999999664371,6.99999999897408,0.012132007527602,0.0121326910828962,0.0121326196271654,0,0,0,5.39490917385069e-07,3.63656840607713e-07,4.14734938650297e-06,17.2409934011271,17.2409894297423,0,3.2,1.6,10,5,106.3,53.15
S4_DDRE_100,centralized,1,13,0.56,0.5152,0.0448,0.1096,0.0336,0.61,0.0488,7,0.7,1.93360868831346,0,0,6.39614779729994e-10,7.9525187537661e-08,3.39397774721958e-09,0.320000455006349,1.93360868810624,2.07222905501681e-10,0,0,0,0,0,0.659793886529121,0.640000069933247,0.68636031012964,13.7272062025928,1.1133574075979e-08,2.00404333367621e-10,0.0274544124051856,0.0300000761371671,3.24591466706772e-09,2.7117647968257,9.92648915091778,3.19928295806659,21.1422586269042,3.69921520011936e-10,2.18966733633863e-10,0.044800004057388,9.19579333860744e-09,3.07118316449613e-10,3.17697192448253e-09,1.02489405131796e-09,0.56000000375027,0.609999996823028,6.99999999897511,0.012167732597382,0.0121683960321932,0.0121683202416309,0,0,0,6.90783962108394e-07,4.65639559643436e-07,4.14538626759236e-06,17.2375660410296,17.237562120777,0,3.2,1.6,10,5,106.3,53.15
S4_DDRE_100,centralized,1,14,0.55,0.506,0.044,0.108,0.033,0.6,0.048,7,0.7,2.94804188575038,0,0,8.91859569483438e-10,0.312590093870364,3.24452968792421e-09,0.616961040767915,2.94804188553048,2.19903650844344e-10,0,0,0,0,0,1.23950570145194,1.20232053040839,0.813409702137444,16.2681940427489,1.11166561752573e-08,2.00099811154632e-10,0.0325363880854978,0.602320536622488,3.25567478742657e-09,3.28396930318987,11.6382846374277,2.37009060440479,30.4104526599264,3.70003398800117e-10,2.27151630838307e-10,0.0440000046262955,9.53705474192931e-09,3.05135871455388e-10,3.1855790436336e-09,1.02364793816028e-09,0.55000000432116,0.599999996814421,6.99999999897635,0.0121359112117559,0.0121362874566509,0.0121363066562926,0,0,0,9.63208335042113e-07,6.49273766583943e-07,4.14324036636706e-06,17.2366699924247,17.2366661630703,0,3.2,1.6,10,5,106.3,53.15
S4_DDRE_100,centralized,1,15,0.56,0.5152,0.0448,0.1096,0.0336,0.61,0.0488,6.65,0.665,3.39313612156882,0,0,1.07326793651948e-09,0.747684206859039,3.22617491703186e-09,1.32726103388801,3.39313612132611,2.42719178089601e-10,0,0,0,0,0,1.23950578440571,1.20232061087353,0.813409740624881,16.2681948124976,1.11308159280692e-08,2.00354686705245e-10,0.0325363896249952,0.592320617085669,3.25950104569743e-09,3.84667388599034,11.8816611279401,2.26346632518357,40.0286474626822,3.70130285778186e-10,2.33862706977561e-10,0.0448000046162676,9.5305147987848e-09,3.05209578031998e-10,3.18649653114649e-09,1.02247494316849e-09,0.560000004311058,0.609999996813503,6.64999999897752,0.0121264315364968,0.012126786657958,0.0121270119205922,0,0,0,1.15912937144104e-06,7.81339057786183e-07,4.14205505901742e-06,17.2347548999996,17.2347511357704,0,3.2,1.6,10,5,106.3,53.15
S4_DDRE_100,centralized,1,16,0.6,0.552,0.048,0.116,0.036,0.64,0.0512,6.65,0.665,2.9252516560955,0,0,1.04566607349818e-09,0.239799833853259,3.2370392194685e-09,1.55507087264132,2.92525165587515,2.20350404589453e-10,0,0,0,0,0,1.23950569951697,1.20232052853146,0.813409733336296,16.2681946667259,1.11554683775751e-08,2.00798430796351e-10,0.0325363893334518,0.562320534746411,3.26067002889829e-09,4.38087839056723,11.8889757176526,2.27078106069221,49.6468421196408,3.70087359452753e-10,2.33567387653011e-10,0.0480000046209663,9.53715325513264e-09,3.05328675146722e-10,3.1878519345938e-09,1.02260337808543e-09,0.600000004315638,0.639999996812148,6.6499999989774,0.0121103233273245,0.012110739642486,0.0121107816094559,0,0,0,1.12931935937804e-06,7.61244901506676e-07,4.14315788074965e-06,17.2318249386589,17.2318211636835,0,3.2,1.6,10,5,106.3,53.15
S4_DDRE_100,centralized,1,17,0.68,0.6256,0.0544,0.1288,0.0408,0.7,0.056,6.3,0.63,2.40294271764696,0,0,6.90208923663596e-10,1.63445972098352e-07,3.31105059749411e-09,1.55507102442959,2.40294271743617,2.10786499366122e-10,0,0,0,0,0,0.876996516540124,0.85068662104392,0.813409651530584,16.2681930306117,1.1180890229029e-08,2.01256024122522e-10,0.0325363860612234,0.150686627276108,3.2757753549914e-09,4.52403068303043,12.1412151344156,2.17302211359489,59.615035140461,3.70113804611085e-10,2.31125452110348e-10,0.0544000043671217,9.38315984866742e-09,3.06162674444502e-10,3.18753768923521e-09,1.02215978266034e-09,0.680000004060959,0.699999996812462,6.29999999897784,0.0121290999073396,0.012129508981154,0.0121295312914221,0,0,0,7.45425637556684e-07,5.02472096427098e-07,4.14487334669175e-06,17.2400457576979,17.2400418559435,0,3.2,1.6,10,5,106.3,53.15
S4_DDRE_100,centralized,1,18,0.78,0.7176,0.0624,0.1448,0.0468,0.79,0.0632,5.95,0.595,1.56221056541896,0,0,4.21370564645925e-10,9.61333219693537e-08,3.36785975662614e-09,1.55507111221113,1.5622105652106,2.08362438414156e-10,0,0,0.377564502022105,0.48544007402842,1.07875572006316,0.313979576578465,0.304560189281112,0.813264802536827,16.2652960507365,1.11880221687734e-08,2.01384399037922e-10,0.0325305921014731,2.69603576829699e-07,3.28800698254676e-09,4.52403093569411,12.3949941531557,2.07969811221796,69.9303311813988,3.70185362135998e-10,2.32104613306916e-10,0.0624000041803144,9.27226081262758e-09,3.07273317630691e-10,3.23814251475625e-09,1.02168372655112e-09,0.780000003873041,0.789999996761858,5.94999999897832,0.0121538420201313,0.0121540602844579,0.0121540932165207,0,0,0,361.171493228847,409.327692117027,4.50378059491398e-06,39.9827644389485,-8.17343895296796,0,3.2,1.6,10,5,106.3,53.15
S4_DDRE_100,centralized,1,19,0.86,0.7912,0.0688,0.1576,0.0516,0.87,0.0696,5.6,0.56,0.464530954190718,0,0,3.31963671915178e-10,5.49575949477839e-08,3.37406158756313e-09,1.55507116086908,0.464530953986209,2.04508743273379e-10,0,0,0.721264931130233,0.927340625738871,2.06075694608638,1.50103670958762e-07,1.45600560829999e-07,0.313265077158336,6.26530154316672,1.1184078611738e-08,2.01313415011284e-10,0.0125306030863334,0.0573407774826641,3.20914270704296e-09,4.57850467092559,6.39045391017644,5.72515237680437,70.5956327147713,3.70218791886373e-10,2.35257702208003e-10,0.0688000040292721,9.16276754328674e-09,3.10536210197687e-10,3.16934708648681e-09,1.02191269553307e-09,0.860000003718736,0.869999996830653,5.59999999897809,4.85742807233274e-05,4.92579287739944e-05,4.90877387868964e-05,0,0,0,689.949215569497,781.942444147443,4.39924971869826e-06,74.9229908732382,-17.0702421039273,0,3.2,1.6,10,5,106.3,53.15
S4_DDRE_100,centralized,1,20,0.92,0.8464,0.0736,0.1672,0.0552,0.93,0.0744,4.9,0.49,0,0,0,3.73033923274611e-10,1.7592608100923e-08,4.84467173655584e-09,1.55507117248236,0,0,0,0,0.931485307162354,1.1976239663516,2.66138659189244,2.2307432635435e-08,2.16382096563719e-08,0.0110435293916257,0.220870587832514,1.12283661145389e-08,2.02110590061701e-10,0.000441741175665028,0.267623994185671,3.2407757707163e-09,4.8327474619909,3.8890447903656,8.568174212374,65.9165032927643,3.70394409944551e-10,2.32513786002642e-10,0.0736000024283843,8.47363715785743e-09,3.13904362071303e-10,3.18760212243405e-09,1.01983486303556e-09,0.92000000211448,0.929999996812398,4.89999999898016,1.22342814107703e-06,2.52873354070114e-06,2.249496411779e-06,0,0,0,891.042291409782,1009.8479300794,4.32082940935892e-06,91.975264943754,-26.8303780466526,0,3.2,1.6,10,5,106.3,53.15
S4_DDRE_100,centralized,1,21,0.78,0.7176,0.0624,0.1448,0.0468,0.95,0.076,4.2,0.42,0,0,0,4.04245625379448e-10,5.40819883948793e-08,3.2783636846298e-09,1.55507122040926,0,0,0,0,0.791485456804675,1.01762415874887,2.26138701944193,8.28397120122597e-08,8.03545206518919e-08,0.0110435769915932,0.220871539831863,1.11217835877803e-08,2.00192104580046e-10,0.000441743079663726,0.0676242452980981,3.23615351854868e-09,4.89699049161813,4.16961708972566,8.14874555963045,61.9373748228603,3.7068530702e-10,2.23746132732572e-10,0.0624000040027299,9.16140196925661e-09,3.08581024935894e-10,3.18230220747724e-09,1.01715911116709e-09,0.780000003694149,0.949999996817698,4.19999999898284,-1.64926883059622e-06,-1.48123249999321e-07,-4.55253159037957e-07,0,0,0,757.120922588676,858.070378733327,4.3217779127182e-06,86.005762609355,-14.9436978570512,0,3.2,1.6,10,5,106.3,53.15
S4_DDRE_100,centralized,1,22,0.76,0.6992,0.0608,0.1416,0.0456,0.89,0.0712,3.5,0.35,0,0,0,4.82450623161929e-10,5.35463095375345e-08,3.27132555095159e-09,1.55507126783487,0,0,0,0,0.771485602918441,0.991910060895139,2.20424457976697,1.56665094968339e-07,1.51965142119288e-07,0.0110436471017131,0.220872942034262,1.1122059874671e-08,2.00197077744079e-10,0.000441745884068524,0.10191021903894,3.218359669251e-09,4.99380519631704,4.46905963538473,7.74818670309003,58.658247755155,3.7088077414085e-10,2.16796913754536e-10,0.0608000039825749,9.14279062394387e-09,3.07714761239752e-10,3.17709651992426e-09,1.01424648015507e-09,0.76000000367486,0.889999996822904,3.49999999898575,-1.94984497607002e-06,-2.15918895651284e-07,-6.02038906727152e-07,0,0,0,737.989417871541,836.388006681785,4.32366752450214e-06,85.1777322970102,-13.2208608368618,0,3.2,1.6,10,5,106.3,53.15
S4_DDRE_100,centralized,1,23,0.42,0.3864,0.0336,0.0872,0.0252,0.79,0.0632,3.15,0.315,0,0,0,6.37293720114487e-10,1.02424548838767e-07,3.25972465952106e-09,1.5550713617068,0,0,0,0,0.535768738373435,0.688845520765845,1.5307678239241,0.10428310716233,0.101154613947461,0.0110437777022952,0.220875554045904,1.11213769198681e-08,2.00184784557625e-10,0.000441751108091809,1.40999117115041e-07,3.27177932219038e-09,4.9938053268219,4.63661759163865,7.56574204733327,55.7291232994597,3.70981795775301e-10,2.16395568131134e-10,0.0336000043783418,9.36736474458609e-09,3.05332126802651e-10,3.23042806671382e-09,1.01254288646156e-09,0.42000000407301,0.789999996769572,3.14999999898746,-2.25910344470774e-06,-1.68021701541759e-07,-6.78018095797878e-07,0,0,0,512.50685444044,580.841101383068,4.3473252847207e-06,75.1206276728585,6.78637638293655,0,3.2,1.6,10,5,106.3,53.15
S4_DDRE_100,centralized,1,24,0.3,0.276,0.024,0.068,0.018,0.69,0.0552,2.8,0.28,0,0,0,1.2288925940555e-09,0.0472933069862466,3.17654773277715e-09,1.6,0,0,0,0,0.463062295414266,0.595365808389771,1.32303512975505,0.104283399622558,0.101154897633881,0.0110438355131819,0.220876710263637,1.1102404767768e-08,1.99843285819824e-10,0.000441753420527274,0.00652071214784086,3.19422899964395e-09,5,4.80251797650575,7.38164127596544,53.15,3.71012919385021e-10,2.23614571304154e-10,0.0240000047807919,9.61749421249938e-09,3.04118180888056e-10,3.15357506401287e-09,1.0108064537609e-09,0.300000004476674,0.689999996846425,2.79999999898919,-2.08912689087867e-06,-3.17462600649993e-07,-7.70097139244158e-07,0,0,0,442.957163841984,502.018118411384,4.3826356936831e-06,72.326926870387,13.2659679183758,0,3.2,1.6,10,5,106.3,53.15
S4_DDRE_100,centralized,2,1,0.85,0.748,0.102,0.224,0.034,1.45,0.087,4,0.32,0,0.210270529832637,0,3.00440681495785e-10,3.67224413503985e-08,0.830968821599912,1.52529601214957,0,0,0.210270529363354,4.69282890325218e-10,0.678248698435536,0.87203404084569,1.93785342410153,0.139526522505966,0.135340726830787,0.79996279038573,15.9992558077146,1.28355836262415e-07,2.31040505272348e-09,0.0319985116154292,4.2207010757225e-08,0.442625274284457,7.8195786987446,12.3376160279578,0.338360347358239,83.2492556805995,3.51918330009013e-10,4.66419680655861e-10,1.90952184878265e-07,0.101999811701915,1.68678579110628e-10,7.12497093103092e-10,8.89641939018007e-10,0.748000190783506,1.4499999992875,3.99999999911036,-2.34562903293611e-06,-2.08286756170697e-06,-1.09108577081117e-06,0,0,0,648.800651799612,735.307405223875,4.52779269752669e-06,28.9859530232807,-57.5208049288372,0,4.8,2.4,16.571,8.2855,142.5,71.25
S4_DDRE_100,centralized,2,2,0.82,0.7216,0.0984,0.2168,0.0328,1.42,0.0852,4,0.32,0,0.321881087034724,0,4.5576096332286e-10,3.59244355083578e-08,0.692958567907645,0.79586597479636,0,0,0.321881086562369,4.72355599079322e-10,0.678248602033942,0.872033916900782,1.93785314866841,0.139526669584397,0.135340869496865,0.799962845836974,15.9992569167395,1.28154135967856e-07,2.30677444742141e-09,0.0319985138334789,4.23683388513212e-08,0.412625255726804,7.38523636455151,12.3390126648886,0.339755875065638,95.2485124704225,3.51880329717231e-10,4.66789384923061e-10,1.94255962668996e-07,0.0983998083946385,1.68878636022886e-10,7.10677142866415e-10,8.89563410169845e-10,0.721600194087084,1.41999999928932,3.99999999911044,-1.46311467602328e-06,-1.31601373282866e-06,-1.30966736476084e-06,0,0,0,648.800559751306,735.307300825423,4.29471501133346e-06,28.5487023382718,-57.9580430305464,0,4.8,2.4,16.571,8.2855,142.5,71.25
S4_DDRE_100,centralized,2,3,0.8,0.704,0.096,0.212,0.032,1.4,0.084,8,0.64,0,2.48779497016953,0,4.35241907746419e-10,0.486606228505741,3.27684074158346e-08,1.25814185738383,0,0,2.48779496966875,5.00779862022682e-10,0.461887637158054,0.593855533488927,1.31967896330873,0.831076902174824,0.806144595109579,0.799999606631421,15.9999921326284,1.16985626013626e-07,2.10574126824527e-09,0.0319999842652568,1.77898733931196e-07,4.90640554422323e-08,7.3852364819052,9.45141235042679,1.45142033353412,103.248504487315,3.51137573733031e-10,4.72740069312749e-10,0.0959999207175896,8.20731213980462e-08,1.67247778549572e-10,7.08912987427904e-10,9.01369603301004e-10,0.799999920550342,1.39999999929109,7.99999999909863,0.138719827902815,0.138719909104643,0.138719211947739,0,0,0,441.833505772304,500.744639659398,388.682933116561,4.76959467985008e-06,-447.594062234027,0,4.8,2.4,16.571,8.2855,142.5,71.25
S4_DDRE_100,centralized,2,4,0.79,0.6952,0.0948,0.2096,0.0316,1.4,0.084,8,0.64,0,4.64565737247058,0,3.62218266475653e-10,1.34935501645404,2.68482018247206e-08,2.54002909475324,0,0,4.64565737192109,5.49483125666939e-10,0.325696855992959,0.418753100562376,0.930562445694169,1.99999955973794,1.9399995729458,0.799999744007838,15.9999948801568,1.09652308004071e-07,1.97374154407329e-09,0.0319999897603135,0.958752714622783,4.08807526326353e-08,8.29605151776917,9.43401267492283,1.43401790316841,111.248499259065,3.51167032535837e-10,4.74397687799666e-10,0.0947999473061479,5.55859528316307e-08,1.66657317135092e-10,7.08253348340301e-10,8.9996492901227e-10,0.789999947139491,1.39999999929175,7.99999999910004,0.466951583299927,0.466951513493507,0.373151236841691,0,0,0,311.555824735648,353.096601187408,638.830830622002,4.96558951794946e-06,-680.371602108146,0,4.8,2.4,16.571,8.2855,142.5,71.25
S4_DDRE_100,centralized,2,5,0.82,0.7216,0.0984,0.2168,0.0328,1.42,0.0852,9,0.72,0,3.05298273706489,0,6.34908318253114e-10,0.928505753719383,3.31890377366595e-08,3.42210952585002,0,0,3.05298273652771,5.37180522286462e-10,0.426338067964581,0.54814894452589,1.21810876561309,0.898815647410397,0.871851177988085,0.799999622403571,15.9999924480714,1.15243799619777e-07,2.07438839315598e-09,0.0319999848961428,1.72755773931906e-07,5.00042710557565e-08,8.29605162924741,8.74809215232475,1.74809981824533,118.248491593144,3.50983934358975e-10,4.72292649433825e-10,0.0983998321234936,1.70606199307618e-07,1.67261544204399e-10,7.09820841208312e-10,9.03452193726907e-10,0.819999831956232,1.41999999929018,8.99999999909655,0.461855238711261,0.461855279631767,0.461854003701267,0,0,0,407.827419864097,462.204408864396,603.850521305975,4.84274748007429e-06,-658.227505463479,0,4.8,2.4,16.571,8.2855,142.5,71.25
S4_DDRE_100,centralized,2,6,0.92,0.8096,0.1104,0.2408,0.0368,1.48,0.0888,10,0.8,0,0.284775411929752,0,3.22651844643415e-10,3.41852059996281e-08,0.673880302375589,2.71276187161524,0,0,0.284775411462353,4.6739934145279e-10,0.648300547374928,0.833529275196336,1.85228727821408,2.52089135595074e-06,2.44526461527222e-06,0.766686069835937,15.3337213967187,1.2046281366261e-07,2.16833064592699e-09,0.0306674427934375,4.1811404707136e-08,0.646468321105865,7.61555869938179,7.66383505650314,2.33011377898911,123.582212870657,3.50552583541418e-10,4.66605087900973e-10,1.96166343158059e-07,0.110399806483325,1.69343466417409e-10,7.11193356785333e-10,9.09840779530134e-10,0.809600195997,1.47999999928881,9.99999999909016,-1.73791048640194e-06,-1.55975145225852e-06,-1.10413614430602e-06,0,0,0,620.15278274045,702.839820279141,4.40770915045198e-06,35.8401762442703,-46.8468657021195,0,4.8,2.4,16.571,8.2855,142.5,71.25
S4_DDRE_100,centralized,2,7,1.1,0.968,0.132,0.284,0.044,1.58,0.0948,12,0.96,0,0.195931518405872,0,2.84795278873222e-10,3.45202907630467e-08,0.921123715077307,1.74315799380164,0,0,0.195931517946236,4.59636079197523e-10,0.648300827964254,0.833529635954041,1.85228807989787,2.34509740673446e-06,2.27474448453242e-06,0.766686051011325,15.3337210202265,1.16685717983709e-07,2.10034292370676e-09,0.030667442040453,4.19507337862402e-08,0.746468131005035,6.82980281186772,6.38266717991976,3.04894627511932,126.915933775457,3.50465023788091e-10,4.65530280990833e-10,1.9086998909004e-07,0.131999811802722,1.65918107086411e-10,7.12704164452541e-10,9.12206975308985e-10,0.968000190704071,1.5799999992873,11.9999999990878,-1.91708343627954e-06,-1.62284168859384e-06,-6.5134982910193e-07,0,0,0,620.153051106327,702.840124445912,4.55247948427199e-06,38.3468771122961,-44.3402007797635,0,4.8,2.4,16.571,8.2855,142.5,71.25
S4_DDRE_100,centralized,2,8,1.32,1.1616,0.1584,0.3368,0.0528,1.68,0.1008,14,1.12,0,0.11065540626108,0,2.75967518412623e-10,2.91863818926086e-08,1.19999970006781,0.480000442509942,0,0,0.110655405803445,4.5763474953997e-10,0.648300834985105,0.833529644980849,1.85228809995744,2.3225269629555e-06,2.25285115406683e-06,0.766686074799116,15.3337214959823,1.14287818259912e-07,2.05718072867841e-09,0.0306674429919646,4.19173899545501e-08,0.846468143836791,5.93878375291472,5.25431963541168,3.92059825245646,128.249655158412,3.50766626060467e-10,4.65295468821125e-10,7.3855528937166e-08,0.158399928812172,1.67422966410183e-10,7.13891163613778e-10,9.1252529127681e-10,1.16160007368811,1.67999999928611,13.9999999990875,-1.45520996373567e-06,-1.14623083936045e-06,-3.71031827614708e-07,0,0,0,620.153057812815,702.840132050977,4.56548905860075e-06,43.1635334908612,-39.5235453127039,0,4.8,2.4,16.571,8.2855,142.5,71.25
S4_DDRE_100,centralized,2,9,1.48,1.3024,0.1776,0.3752,0.0592,1.76,0.1056,16,1.28,0.163101247706611,2.45326672367936,0,1.92522755161627e-10,4.17022692189566e-08,4.56712675380118e-07,0.480000001376922,0.163101247283012,4.23599377796791e-10,2.45326672316217,5.17185405612963e-10,0.487499450460134,0.626785007734458,1.39285557274324,0.826515550371399,0.801720083860257,0.766686923333195,15.3337384666639,1.03611033896575e-07,1.86499861013834e-09,0.0306674769333278,4.14158152707149e-08,0.331494949567534,5.58984174008106,4.1100956737609,4.77635730943976,127.583393522733,3.53349597482213e-10,4.65516292180723e-10,0.177597887507936,2.11517844923025e-06,1.70388120703155e-10,7.19082899152024e-10,9.174969159473e-10,1.47999788733755,1.75999999928092,15.9999999990825,-3.66357906133288e-06,-3.52731783405966e-06,-3.24400356312059e-06,0,0,0,466.333310956426,528.511085655125,4.52259835806054e-06,42.1257346847627,-20.0520445364893,0,4.8,2.4,16.571,8.2855,142.5,71.25
S4_DDRE_100,centralized,2,10,1.6,1.408,0.192,0.404,0.064,1.82,0.1092,18,1.44,0.468161736996903,5.19808199161394,0,1.67031250677379e-10,1.317751556977,0.0704986183315854,1.65765490857709,0.468161736316249,6.80653533535747e-10,5.19808199059284,1.02109787292193e-09,0.225000001320387,0.289285715983355,0.642857146629677,1.99999999845715,1.93999999850344,0.799999998654545,15.9999999730909,4.15079986000387e-08,7.47143974800697e-10,0.0319999999461818,0.409285756584244,4.18561057941062e-08,5.9786631647772,3.51103558716048,5.51103565428901,125.583393455604,3.65554275007836e-10,4.72336836310205e-10,0.403990793581401,0.211990796320167,1.49309428935858e-10,7.13683986242194e-10,9.25531185822274e-10,1.81199079343209,1.81999999928632,17.9999999990745,0.0180694437223307,0.0180695379611004,0.0180705163629882,0,0,0,215.231002872024,243.92846983878,4.38014616484446e-06,28.2792215306738,-0.418249816244609,0,4.8,2.4,16.571,8.2855,142.5,71.25
S4_DDRE_100,centralized,2,11,1.68,1.4784,0.2016,0.4232,0.0672,1.86,0.1116,20,1.6,1.03550820877271,3.48905804199119,0,1.73224242541028e-10,0.690116918077448,0.608471163953102,1.67277001869472,1.0355082081066,6.66106059199478e-10,3.48905804116048,8.30710611410268e-10,0.225000001331026,0.289285715997033,0.642857146660074,1.99999999854562,1.93999999858925,0.799999998725065,15.9999999745013,4.12922912171898e-08,7.43261241909416e-10,0.0319999999490026,0.36928575654791,4.17198819965939e-08,6.32948458957534,2.71881781043225,6.71881787590079,121.583393390135,3.78096011804073e-10,4.72199390699757e-10,0.357520500323996,0.155920503025989,1.49678555316024e-10,7.13943454618177e-10,9.48349629494119e-10,1.83592050017432,1.85999999928606,19.9999999990516,0.0298007700096174,0.029800881365436,0.0298009991154248,0,0,0,215.231002888889,243.928469854822,4.17637333509261e-06,19.2913591628829,-9.40611197929875,0,4.8,2.4,16.571,8.2855,142.5,71.25
S4_DDRE_100,centralized,2,12,1.72,1.5136,0.2064,0.4328,0.0688,1.88,0.1128,20,1.6,1.86938716878167,3.49385192756354,0,1.80154818054043e-10,1.15496881720919,0.210026675683292,2.54890968379795,1.86938716809933,6.82339740265547e-10,3.49385192673229,8.31250179800236e-10,0.225000001311862,0.289285715972394,0.64285714660532,1.9999999985803,1.9399999986229,0.79999999872364,15.9999999744728,4.12450503733004e-08,7.42410906719408e-10,0.0319999999489456,0.349285756537455,4.17002492137516e-08,6.66130601439092,2.72773249940045,6.72773256484007,117.583393324695,3.84707220743422e-10,4.72131111983742e-10,0.297696958449792,0.0912969611763814,1.49216162203733e-10,7.14046819703628e-10,9.51563069644777e-10,1.81129695830058,1.87999999928595,19.9999999990484,0.0298217011551228,0.0298217993352802,0.0298218462533679,0,0,0,215.231002878043,243.928469839092,4.14132488120318e-06,17.2786340547357,-11.4188370476185,0,4.8,2.4,16.571,8.2855,142.5,71.25
S4_DDRE_100,centralized,2,13,1.74,1.5312,0.2088,0.4376,0.0696,1.88,0.1128,20,1.6,2.38654161192706,1.95308779444392,0,1.9571539047646e-10,0.614416442476631,0.673357255887892,2.42380819269021,2.38654161122764,6.99417412874936e-10,1.95308779360583,8.38087599319692e-10,0.225000001311177,0.289285715971513,0.642857146603362,1.99999999856912,1.93999999861204,0.799999998730428,15.9999999746086,4.11391191667875e-08,7.40504145002174e-10,0.0319999999492171,0.349285756620657,4.17953663788777e-08,6.99312743919277,2.73021643163123,6.73021649682156,113.583393259503,3.86986682032943e-10,4.72340611068489e-10,0.260370223402372,0.0515702260927443,1.49717836869078e-10,7.14075378379709e-10,9.56415108480246e-10,1.79157022325265,1.87999999928592,19.9999999990436,0.0299093361735501,0.0299094517458758,0.0299094453130237,0,0,0,215.231002894192,243.928469849676,4.13901607622361e-06,17.2784170539795,-11.4190540404366,0,4.8,2.4,16.571,8.2855,142.5,71.25
S4_DDRE_100,centralized,2,14,1.74,1.5312,0.2088,0.4376,0.0696,1.86,0.1116,20,1.6,3.61517973951174,1.00762665119144,0,2.1925246724755e-10,0.754030253346991,0.553688298926182,2.55730714502771,3.61517973883407,6.77662370662802e-10,1.00762665038577,8.05669753134453e-10,0.225000001312326,0.28928571597299,0.642857146606645,1.99999999855412,1.9399999985975,0.799999998727887,15.9999999745577,4.11398195401026e-08,7.40516751721846e-10,0.0319999999491155,0.369285756498395,4.16864092789018e-08,7.34394886399487,2.73340363038945,6.73340369562734,109.583393194269,3.89775229590443e-10,4.72343886226412e-10,0.284264439984457,0.0754644426902704,1.49479189552014e-10,7.13840534326466e-10,9.56581208716616e-10,1.81546443983498,1.85999999928616,19.9999999990434,0.0298302917293635,0.0298304123072535,0.0298304047783734,0,0,0,215.231002920712,243.928469868057,4.13762050624325e-06,17.2729181188064,-11.4245529661743,0,4.8,2.4,16.571,8.2855,142.5,71.25
S4_DDRE_100,centralized,2,15,1.72,1.5136,0.2064,0.4328,0.0688,1.84,0.1104,19,1.52,4.1245804523761,0.50068827375762,0,2.30625755453346e-10,0.730997684149848,0.573430493462648,2.64814389921979,4.12458045168363,6.92466528562363e-10,0.500688272972812,7.84807996367931e-10,0.225000001307852,0.289285715967239,0.642857146593863,1.99999999854863,1.93999999859217,0.799999998724766,15.9999999744953,4.1341579941456e-08,7.44148438946209e-10,0.0319999999489906,0.389285756496463,4.16959163524781e-08,7.71377028877047,3.1155276252669,6.11552769078962,106.58339312875,3.8352359169584e-10,4.72500816250943e-10,0.347101539213047,0.140701541919314,1.49438212974797e-10,7.13638684995903e-10,9.43191004735121e-10,1.86070153906361,1.83999999928636,18.9999999990568,0.0298067479567125,0.0298068737042436,0.0298069295216741,0,0,0,215.231002928715,243.928469871487,4.13674972111689e-06,17.2690101906124,-11.428460888889,0,4.8,2.4,16.571,8.2855,142.5,71.25
S4_DDRE_100,centralized,2,16,1.7,1.496,0.204,0.428,0.068,1.82,0.1092,19,1.52,3.63974583066373,1.49417382834961,0,2.26851421383987e-10,1.00717127855573,0.336710277071398,3.25052474324657,3.63974582997629,6.8744032688528e-10,1.49417382752191,8.27693247273942e-10,0.225000001312985,0.289285715973838,0.642857146608529,1.99999999856466,1.93999999860772,0.799999998720567,15.9999999744113,4.14302598612981e-08,7.45744677503366e-10,0.0319999999488227,0.409285756473025,4.16510781794185e-08,8.10259171357892,3.11225112063405,6.11225118633194,103.583393063053,3.81749204416338e-10,4.73086902985642e-10,0.360458661206944,0.156458663935833,1.49366444984617e-10,7.13476157379937e-10,9.42133340541952e-10,1.85645866105758,1.81999999928652,18.9999999990579,0.029767382962705,0.0297674998767867,0.0297675595808974,0,0,0,215.231002929549,243.928469874304,4.13678141316597e-06,17.2740955523518,-11.4233755290716,0,4.8,2.4,16.571,8.2855,142.5,71.25
S4_DDRE_100,centralized,2,17,1.68,1.4784,0.2016,0.4232,0.0672,1.8,0.108,18,1.44,2.9133447896315,2.10733057365292,0,2.02474074963796e-10,0.990498596975907,0.351001149988585,3.82202351564912,2.91334478893696,6.94543533796832e-10,2.1073305728159,8.37011793208831e-10,0.22500000133888,0.289285716007131,0.642857146682513,1.99999999856413,1.93999999860721,0.799999998715706,15.9999999743141,4.17158052084437e-08,7.50884493751986e-10,0.0319999999486283,0.429285756397563,4.1543528602405e-08,8.51041313841906,3.51780091836104,5.51780098445932,101.583392996949,3.73069485017479e-10,4.73725003669045e-10,0.295777919993579,0.0941779227192955,1.49343337304159e-10,7.13422806636363e-10,9.33007633521142e-10,1.77417791984424,1.79999999928658,17.999999999067,0.0298136978308567,0.0298138084214323,0.0298137451293474,0,0,0,215.231002927992,243.92846988463,4.13890455498647e-06,17.2780679862069,-11.419403109155,0,4.8,2.4,16.571,8.2855,142.5,71.25
S4_DDRE_100,centralized,2,18,1.65,1.452,0.198,0.416,0.066,1.76,0.1056,17,1.36,1.90719372936503,2.96253453462293,0,1.72117984143052e-10,0.950805214740912,0.385024047566727,4.31999999853034,1.90719372867463,6.9040373418261e-10,2.96253453376019,8.62742322027543e-10,0.225000001363223,0.289285716038429,0.642857146752065,1.99999999847927,1.93999999852489,0.799999998650002,15.999999973,4.20306360967938e-08,7.56551449742288e-10,0.0319999999460001,0.469285757162073,4.23603804434809e-08,8.95623456312875,3.95611553782368,4.95611560556653,100.583392929208,3.65186399005172e-10,4.74887296153526e-10,0.244947100631969,0.0469471033560482,1.49175064163425e-10,7.13258000459384e-10,9.24684807554371e-10,1.69694710048279,1.75999999928674,16.9999999990753,0.0298742643933239,0.0298743509952305,0.0298740886049066,0,0,0,215.231002918493,243.928469888922,4.50612878960423e-06,39.9738998696035,11.2764283930784,0,4.8,2.4,16.571,8.2855,142.5,71.25
S4_DDRE_100,centralized,2,19,1.58,1.3904,0.1896,0.3992,0.0632,1.7,0.102,16,1.28,0.563733797938657,1.39667903299214,0,1.76104604135773e-10,3.63792002525725e-08,0.195258957682188,4.11446428816197,0.563733797514403,4.2425396529211e-10,1.39667903249815,4.93997731609852e-10,0.487499774248599,0.626785424033912,1.39285649785314,0.800005305508039,0.776005146342798,0.400000213770029,8.00000427540057,1.03986998691574e-07,1.87176597644834e-09,0.0160000085508011,4.30736984549839e-08,0.297209472448389,8.64338252778432,1.47875865284854,9.47875448015975,92.5833971019161,3.55143772037487e-10,4.68484917526268e-10,0.0367659999448394,0.152834002778636,1.68289427226948e-10,7.17084104417402e-10,9.23840603748952e-10,1.42716599977655,1.69999999928292,15.9999999990762,0.000121035334157964,0.00012113696339941,0.000121059161282572,0,0,0,466.333620668986,528.511436670836,4.40500090217388e-06,74.8226035660197,12.6447831592327,0,4.8,2.4,16.571,8.2855,142.5,71.25
S4_DDRE_100,centralized,2,20,1.5,1.32,0.18,0.38,0.06,1.62,0.0972,14,1.12,0,1.55572937747486,0,1.79232883874155e-10,3.45800020117985e-08,0.214974432031247,3.88817544519064,0,0,1.55572937698092,4.93936669343498e-10,0.644768769053597,0.828988417354624,1.84219648301028,0.650535565964545,0.631019498985608,0.316666206484761,6.33332412969521,1.09858536796228e-07,1.9774536623321e-09,0.0126666482593904,4.31848063136197e-08,0.159992126598979,8.47496980396924,1.59958079000799,9.26625676890907,84.916721123015,3.50638555954117e-10,4.6871717618302e-10,0.115604125101255,0.0643958775976169,1.69834173282401e-10,7.14311930760234e-10,9.1410909634508e-10,1.43560412493142,1.61999999928569,13.9999999990859,6.2480982397074e-06,6.48006604611212e-06,6.58752549017766e-06,0,0,0,616.774346208118,699.010925613634,4.32443886588158e-06,91.8979521568201,9.66136842688914,0,4.8,2.4,16.571,8.2855,142.5,71.25
S4_DDRE_100,centralized,2,21,1.38,1.2144,0.1656,0.3512,0.0552,1.56,0.0936,12,0.96,0,1.26277616594203,0,1.94262129075467e-10,3.37134391871818e-08,0.391623913427481,3.4759397788736,0,0,1.26277616545429,4.87733853304917e-10,0.644769064583663,0.828988797321853,1.8421973273819,0.65053059274493,0.631014674962582,0.316666059897332,6.33332119794663,1.13775014244795e-07,2.04795025640631e-09,0.0126666423958933,4.32940187560946e-08,0.0999965707644209,8.36971029692273,2.22739841985468,7.89407733442466,79.2500422084352,3.50082723915789e-10,4.6882087101352e-10,0.104905817126158,0.0606941855630742,1.69330195032183e-10,7.13983829762591e-10,9.10562253980166e-10,1.31930581695683,1.55999999928602,11.9999999990894,-5.93843983637276e-07,-3.50772297667538e-07,-3.83889586626507e-08,0,0,0,616.774628923159,699.01124601656,4.32438519033693e-06,85.941275178341,3.70465376063422,0,4.8,2.4,16.571,8.2855,142.5,71.25
S4_DDRE_100,centralized,2,22,1.22,1.0736,0.1464,0.3128,0.0488,1.52,0.0912,10,0.8,0,1.41190203512304,0,2.11074892696129e-10,3.77006058749488e-08,0.0979598077303332,3.37282422760472,0,0,1.41190203463002,4.93016516500688e-10,0.644769151324763,0.828988908846124,1.84219757521361,0.650528501739088,0.631012646686916,0.316665995602143,6.33331991204285,1.16903976008465e-07,2.10427156815237e-09,0.0126666398240857,4.31440315155564e-08,0.0599984873641783,8.30655403541045,2.92424678118403,6.59092698478755,75.5833620048317,3.50091661261968e-10,4.68778793560887e-10,0.101169821301587,0.0452301813886035,1.69240757725673e-10,7.15591983500296e-10,9.10712717443098e-10,1.17476982113235,1.51999999928441,9.99999999908929,-9.46691206965307e-07,-7.01057376031799e-07,-2.38746543650553e-07,0,0,0,616.774711916312,699.011340067127,4.3254303532763e-06,85.1367362431346,2.90010376699246,0,4.8,2.4,16.571,8.2855,142.5,71.25
S4_DDRE_100,centralized,2,23,1.05,0.924,0.126,0.272,0.042,1.48,0.0888,9,0.72,0,0.824034749559708,0,2.38645379076466e-10,3.98476347269063e-08,0.50897846649191,2.83705745862621,0,0,0.824034749076616,4.83091677772052e-10,0.644769197801503,0.828988968601932,1.84219770800429,0.650526914616734,0.631011107178232,0.316665963196968,6.33331926393937,1.19141683866927e-07,2.14455030960469e-09,0.0126666385278787,4.32364564542142e-08,0.0199999672083353,8.28550147942617,3.37923089395693,6.04591174790325,72.9166811508854,3.49939994012625e-10,4.67104688262054e-10,0.0739228597302186,0.0520771429506759,1.67917473642207e-10,7.15062084754654e-10,9.09429777673756e-10,0.997922859562301,1.47999999928494,8.99999999909057,-1.74246456643083e-06,-1.46779469448576e-06,-5.77859655413807e-07,0,0,0,616.774756404911,699.011390473864,4.35003306377163e-06,75.0407521548618,-7.19588626405443,0,4.8,2.4,16.571,8.2855,142.5,71.25
S4_DDRE_100,centralized,2,24,0.95,0.836,0.114,0.248,0.038,1.46,0.0876,8,0.64,0,0.821789074841869,0,2.9431370067174e-10,3.91859909776403e-08,0.415204621060257,2.4,0,0,0.82178907435843,4.83438844511852e-10,0.644769170877317,0.828988933985122,1.84219763107805,0.650525437127014,0.631009674013203,0.316665948412106,6.33331896824211,1.2038194742872e-07,2.16687505371696e-09,0.0126666379364842,1.403621744411e-07,1.53213172406105e-06,8.2855,3.77197943364427,5.43866058452966,71.25,3.50051090957765e-10,4.7469406183609e-10,0.0659048062551722,0.048095196417846,1.68115843571627e-10,7.06819141922061e-10,9.06740833182247e-10,0.901904806087056,1.45999999929318,7.99999999909326,-2.01593767341244e-06,-1.77264706002366e-06,-8.85626617254834e-07,0,0,0,616.774730709835,699.011361325167,4.39126458128966e-06,72.11240775528,-10.1242272512378,0,4.8,2.4,16.571,8.2855,142.5,71.25
S4_DDRE_100,centralized,3,1,0.3,0.27,0.03,0.08,0.024,0.21,0.0168,2.2,0.22,0,0,0,1.86562179593786e-09,3.18476533786917e-09,0.300000077118442,1.48421044816401,0,0,0,0,0,0,0,1.63274884248508e-08,1.58376637721053e-08,5.25242141033021e-08,1.05048428206604e-06,1.02719145037235e-08,1.84894461067023e-10,2.10096856413209e-09,3.21583310826046e-09,0.209999983252954,2.77894738910456,8.93933889387564,11.139337852268,117.800001041608,3.73341428705252e-10,2.05567840400047e-10,0.030000005381836,1.0048493865694e-08,3.50596647975824e-10,4.33078353585923e-09,1.02481274033221e-09,0.300000005031239,0.209999995669216,2.19999999897519,-2.15508946659872e-06,-5.89557362831691e-07,-1.25990015146968e-06,0,0,0,2.01487153961288e-06,1.35817266744276e-06,4.54637474699671e-06,28.854080172633,28.8540762829137,0,3.6,1.8,6,3,240,120
S4_DDRE_100,centralized,3,2,0.28,0.252,0.028,0.076,0.0224,0.2,0.016,2.2,0.22,0,0,0,0.0040000561984386,2.81834648442745e-09,0.899999933127427,0.536842100181133,0,0,0,0,0,0,0,9.99630929669321e-09,9.69642001779241e-09,0.599999974437107,11.9999994887421,1.03125185435265e-08,1.85625333783478e-10,0.0239999989774843,3.23199345908086e-09,0.199999989411418,2.56842108753152,15.7110633264754,5.9110638466494,127.600000521434,3.73333408003476e-10,2.05926229618856e-10,0.028000003636557,8.9552017719186e-09,3.54679687083883e-10,4.33008188786461e-09,1.0248301593445e-09,0.280000003281877,0.199999995669918,2.19999999897517,-1.24374414010378e-06,-7.76470510339072e-07,-1.21867682690088e-06,0,0,0,4.32006069431369,2.9120409124633,4.30983559128008e-06,28.3260310573612,29.7340465292786,0,3.6,1.8,6,3,240,120
S4_DDRE_100,centralized,3,3,0.27,0.243,0.027,0.074,0.0216,0.19,0.0152,4.4,0.44,0,0,0,2.68135308420149,0.920476824010748,3.24262574565462e-09,1.41129507957807,0,0,0,0,0,0,0,0.195876298331886,0.19000000938193,1.19999999132283,23.9999998264566,9.69705438881373e-09,1.74546978998647e-10,0.0479999996529131,1.53502885654236e-08,4.1635008108541e-09,2.56842109773166,22.4528273133423,2.85282749517712,147.200000339599,3.72968397171585e-10,2.16731549373961e-10,0.0739999746148048,0.0469999769701576,3.14806191968392e-10,2.02158978428213e-09,1.0356927354475e-09,0.316999974299999,0.18999999797841,4.39999999896431,0.353057413310212,0.353055923329942,0.353054905574769,0,0,0,2895.86133093761,1952.02504529868,406.381905932047,4.70093033804296e-06,537.454384407772,0,3.6,1.8,6,3,240,120
S4_DDRE_100,centralized,3,4,0.26,0.234,0.026,0.072,0.0208,0.19,0.0152,4.4,0.44,0,0,0,2.67482892861341,0.924952589691441,3.24996755066718e-09,2.29000003636395,0,0,0,0,0,0,0,0.195876365885759,0.190000074909186,1.19999999638674,23.9999999277349,9.62897809363389e-09,1.7332160568541e-10,0.0479999998554697,7.98434876463433e-08,3.3468332418927e-09,2.56842117005996,22.472975322955,2.87297540344271,166.800000259114,3.72987847819613e-10,2.19965740066996e-10,0.0719999805288571,0.0459999828051225,3.11849943137751e-10,1.80743398203412e-09,1.0357116475414e-09,0.305999980217007,0.189999998192566,4.39999999896429,0.76975179340868,0.439999965793971,0.537925301844556,0,0,0,2888.81524290249,1947.27546003057,688.263832107578,4.86032292396827e-06,253.275955624634,0,3.6,1.8,6,3,240,120
S4_DDRE_100,centralized,3,5,0.28,0.252,0.028,0.076,0.0224,0.2,0.016,4.95,0.495,0,0,0,2.33001613419584,0.999999960345801,2.74695695841242e-09,3.23999999580115,0,0,0,0,0,0,0,0.206185836902554,0.200000261795478,0.765221494535772,15.3044298907154,9.58587492543335e-09,1.725457486578e-10,0.0306088597814309,2.66754023359194e-07,3.38578831166609e-09,2.5684214199123,16.0877237864627,5.73329390392494,177.154430141653,3.72868092717094e-10,2.20074763968015e-10,0.0759999858571619,0.0479999880126185,3.07927049714423e-10,1.79283211953193e-09,1.03778070050534e-09,0.327999985549235,0.199999998207168,4.94999999896222,0.491382098859769,0.439999413998847,0.380658527257464,0,0,0,2516.4174249315,1696.25174569457,643.023530783083,4.77462601255293e-06,177.14215322844,0,3.6,1.8,6,3,240,120
S4_DDRE_100,centralized,3,6,0.35,0.315,0.035,0.09,0.028,0.24,0.0192,5.5,0.55,0,0,0,4.5507149382118e-08,2.93253716941893e-09,0.335163654337639,2.88719615191587,0,0,0,0,0.186666660626461,0.239999992234021,0.533333316075602,2.40240677894217e-09,2.33033457557391e-09,0.165221499926966,3.30442999853932,1.06844197159364e-08,1.92319554886854e-10,0.00660885999707865,5.35397678626723e-09,8.24002908204808e-09,2.56842141632483,8.94491329418088,11.140483304916,174.958860130919,3.72721689035524e-10,2.1445020759181e-10,0.034999995792599,9.26452443975372e-09,3.88382600736478e-10,2.76404256124307e-09,1.03986983532865e-09,0.349999995404216,0.239999997235957,5.49999999896013,-1.1733785065763e-06,-6.41289384559395e-07,-1.06009181621247e-06,0,0,0,178.562059369768,202.370311380857,4.43871065887515e-06,35.429345482594,11.6210890327064,0,3.6,1.8,6,3,240,120
S4_DDRE_100,centralized,3,7,0.5,0.45,0.05,0.12,0.04,0.325,0.026,6.6,0.66,0,0,0,8.73467631556935e-10,2.99806121392004e-09,0.247222231672004,2.62696222668824,0,0,0,0,0.252777771462945,0.324999991880929,0.722222204179842,2.29848981519397e-09,2.22953512073815e-09,3.34028307478634e-09,6.68056614957268e-08,1.06585434194689e-08,1.91853781550441e-10,1.33611322991454e-10,5.08043366626109e-09,8.41293776242713e-09,2.56842141229554,7.1299326623719,13.7299326048119,168.358860188478,3.72467744489075e-10,2.14761763928095e-10,0.0499999958190743,9.26412469207877e-09,3.89612814147652e-10,2.77179349707313e-09,1.04338886413695e-09,0.499999995429461,0.324999997228206,6.59999999895661,-1.63671918328156e-06,-3.76795628203025e-07,-1.00377148988105e-06,0,0,0,241.802724902688,274.043087789807,4.55773197987578e-06,38.3310556583061,6.09068821332559,0,3.6,1.8,6,3,240,120
S4_DDRE_100,centralized,3,8,0.82,0.738,0.082,0.184,0.0656,0.475,0.038,7.7,0.77,0,0,0,4.16783607626314e-10,2.99797910875813e-09,0.450555564895026,2.15269321385735,0,0,0,0,0.369444438477712,0.474999992328486,1.05555553850775,2.27155906225867e-09,2.20341229039091e-09,3.04206304798491e-09,6.08412609596983e-08,1.07485725777133e-08,1.9347430639884e-10,1.21682521919397e-10,5.22320105962843e-09,8.13999956241891e-09,2.56842140868919,6.64611713899252,14.3461170874838,160.658860239983,3.72067529331672e-10,2.13947526361835e-10,0.0819999959321083,9.19860748471342e-09,3.82756316863321e-10,2.76525036782375e-09,1.04650140580799e-09,0.819999995549352,0.47499999723475,7.6999999989535,-1.3240723683551e-06,-2.69344605248647e-07,-9.55192776358105e-07,0,0,0,353.403984742456,400.524515834725,4.54761769686852e-06,43.4477235418318,-3.6728120980134,0,3.6,1.8,6,3,240,120
S4_DDRE_100,centralized,3,9,0.83,0.747,0.083,0.186,0.0664,0.64,0.0512,8.8,0.88,0.124659796136293,0,0,3.546987703551e-10,2.94898264313926e-09,0.20756243789892,1.9342064399232,0.124659795964143,1.72149697275081e-10,0,0,0.497777769509694,0.639999989369606,1.42222219859913,2.35376510450026e-09,2.28315215136526e-09,3.07313709159093e-09,6.14627418318187e-08,1.06888886045111e-08,1.92399994881199e-10,1.22925483663637e-10,4.73012954894535e-09,1.02853859310473e-08,2.56842140235613,6.23376643623455,15.0337663840416,151.858860292181,3.7187372768766e-10,2.11610173828092e-10,0.0829999958102362,9.23653053686783e-09,3.89880423208483e-10,3.00359535586774e-09,1.050110704146e-09,0.829999995420356,0.639999996996405,8.79999999894989,-1.20813763823565e-06,-8.14115624705609e-07,-1.24845321837191e-06,0,0,0,476.165368473972,539.654084094572,4.56328776959965e-06,41.6255410874356,-21.863179096431,0,3.6,1.8,6,3,240,120
S4_DDRE_100,centralized,3,10,0.85,0.765,0.085,0.19,0.068,0.79,0.0632,9.9,0.99,0.362245019477857,0,0,3.10677761294897e-10,2.90184737379955e-09,0.0508258055626433,1.88070559471929,0.362245019305506,1.72351244387414e-10,0,0,0.436929179400466,0.561766087800599,1.24836908400133,3.09889375597903e-09,3.00592694329965e-09,3.2780081046467e-09,6.55601620929341e-08,1.06787812612535e-08,1.92218062702563e-10,1.31120324185868e-10,3.20095892651363e-09,0.228233908236771,2.32817518620048,5.82486264695084,15.7248625906486,141.958860348483,3.717089595095e-10,2.0557411328781e-10,0.0849999957565561,9.26479171469787e-09,3.95608065392798e-10,4.36323691542315e-09,1.05197142822351e-09,0.849999995360948,0.789999995636763,9.89999999894803,0.00273836732485346,0.00273834783653509,0.00273805101287132,0,0,0,417.958688494315,473.686513472794,4.41281495943074e-06,27.981703265583,-27.7461261257788,0,3.6,1.8,6,3,240,120
S4_DDRE_100,centralized,3,11,0.98,0.882,0.098,0.216,0.0784,0.89,0.0712,11,1.1,0.79066757308171,0,0,2.9376201471365e-10,5.98567850283488e-08,3.00037951934685e-09,1.88070564842493,0.790667572898176,1.83533743758346e-10,0,0,0.226929190200694,0.291766101686606,0.648369114859125,0.0189746402163795,0.0184054010098881,0.0179058244332004,0.358116488664008,1.00183927030687e-08,1.80331068655237e-10,0.000716232977328016,3.21754404930185e-09,0.579828496369079,1.71782940360548,5.55797937983258,16.1998628997652,131.316976828551,3.71535327528836e-10,2.03954131361428e-10,0.0980000094403053,1.32646253323778e-08,3.5134723274926e-10,4.35592500487621e-09,1.05308806992023e-09,0.980000009088958,0.889999995644075,10.9999999989469,0.00451688605213414,0.00451651766175689,0.00451630733630367,0,0,0,217.076430807352,246.019954769293,4.20438027809762e-06,19.1207198638703,-9.82280830229287,0,3.6,1.8,6,3,240,120
S4_DDRE_100,centralized,3,12,0.99,0.891,0.099,0.218,0.0792,0.95,0.076,11,1.1,1.4759072555548,0,0,2.96841495828204e-10,5.77625947993915e-08,3.10371514216151e-09,1.88070570003234,1.47590725537053,1.8427015469058e-10,0,0,0.18000000707507,0.23142858052509,0.5142857345002,0.446320835126017,0.432931210072236,0.211140734684079,4.22281469368159,1.00424285637685e-08,1.80763714147833e-10,0.00844562938736318,3.23306253508366e-09,0.285640208477519,1.41715550301636,7.03166963122524,13.8088549461651,124.539791513612,3.71716944230008e-10,2.02687838735116e-10,0.0990000094198805,1.32894682605919e-08,3.53702585282178e-10,4.36090491149807e-09,1.05202401563555e-09,0.990000009066178,0.949999995639095,10.999999998948,0.0045206016833138,0.00451975673374132,0.00451971917717056,0,0,0,172.184808231332,195.142782514943,4.16197152819745e-06,17.1358260636394,-5.82215238195394,0,3.6,1.8,6,3,240,120
S4_DDRE_100,centralized,3,13,0.96,0.864,0.096,0.212,0.0768,0.98,0.0784,11,1.1,1.83561008164244,0,0,3.88198972967047e-10,5.71197184777603e-08,3.10558743057823e-09,1.880705751027,1.83561008145812,1.84323001306552e-10,0,0,0.180000006354827,0.231428579599063,0.514285732442362,0.589535496762708,0.571849431859827,0.448148585138021,8.96297170276042,1.00519840256314e-08,1.80935712461365e-10,0.0179259434055208,3.24877893746528e-09,0.176721987625908,1.23113236123333,9.02143326015055,11.0584615660219,122.502763207738,3.7177525501978e-10,2.02348832134547e-10,0.0960000094133735,1.32837209144418e-08,3.52362126603613e-10,4.36632948271123e-09,1.0512712612367e-09,0.960000009061011,0.97999999563367,10.9999999989487,0.00453394465901335,0.004533081557545,0.00453306566115056,0,0,0,172.184807641026,195.142781800617,4.15901883079476e-06,17.139470238835,-5.81850807977746,0,3.6,1.8,6,3,240,120
S4_DDRE_100,centralized,3,14,1,0.9,0.1,0.22,0.08,1,0.08,11,1.1,2.81619373114817,0,0,5.60282098494014e-10,0.209734549199446,2.94796742649531e-09,2.07995356966336,2.81619373096793,1.80232717639228e-10,0,0,0.180000005256734,0.231428578187229,0.514285729304953,0.792341585950836,0.768571338372311,0.955882301803689,19.1176460360738,9.99462797834722e-09,1.7990330361025e-10,0.0382352920721476,3.39465050420866e-09,8.29414649667214e-08,1.23113227715146,14.6252092306526,6.50756320315372,130.620409235239,3.71915797245828e-10,2.05721162327421e-10,0.100000011232823,1.49435452176141e-08,3.46819293213715e-10,4.09936636533098e-09,1.05032031356911e-09,1.000000010886,0.999999995900634,10.9999999989497,0.00452235892619576,0.00452117610215164,0.00452126639192596,0,0,0,172.18480677646,195.142780735421,4.15586417323649e-06,17.1458649186526,-5.81211319615149,0,3.6,1.8,6,3,240,120
S4_DDRE_100,centralized,3,15,0.82,0.738,0.082,0.184,0.0656,1.01,0.0808,10.45,1.045,3.26869488865947,0,0,6.8548677845115e-10,0.842213736454571,2.91989206073844e-09,2.88005661622165,3.26869488845634,2.03127736853048e-10,0,0,0.180000005697568,0.231428578754016,0.51428573056448,0.792363521876009,0.768592616219728,0.955882335218126,19.1176467043625,9.96058545451225e-09,1.79290538181221e-10,0.038235293408725,3.22022699428392e-09,0.00997880406975906,1.22062827592672,14.9552759866879,6.2876292908673,139.288055931058,3.72113199033399e-10,2.09859546407287e-10,0.0820000113244293,1.50375927439564e-08,3.43971864376884e-10,4.38658306751309e-09,1.04924810348853e-09,0.820000010980457,1.00999999561342,10.4499999989508,0.00451873048343491,0.00451762898043978,0.00451775463843316,0,0,0,172.184807333375,195.14278130449,4.15368923684299e-06,17.1516878786813,-5.80629024625789,0,3.6,1.8,6,3,240,120
S4_DDRE_100,centralized,3,16,0.78,0.702,0.078,0.176,0.0624,0.99,0.0792,10.45,1.045,2.75503748218127,0,0,6.63776811293815e-10,0.378887544891051,2.94679579376776e-09,3.23999978076626,2.75503748200135,1.79915193854185e-10,0,0,0.180000005086827,0.231428577968778,0.514285728819506,0.782032332986685,0.758571362997085,0.955882309772583,19.1176461954517,9.97918562650783e-09,1.79625341277141e-10,0.0382352923909033,3.43317008944226e-09,5.86114482255013e-08,1.22062821749198,14.95884662563,6.29120043873886,147.955702117952,3.72087710151044e-10,2.08557782155339e-10,0.0780000111811805,1.48826665525916e-08,3.44704695558738e-10,4.06441728975288e-09,1.04951066382371e-09,0.780000010836476,0.989999995935583,10.4499999989505,0.00451262708003615,0.00451162991082752,0.00451171113671613,0,0,0,172.184806725704,195.142780626565,4.15461512018734e-06,17.1495324213951,-5.80844563406635,0,3.6,1.8,6,3,240,120
S4_DDRE_100,centralized,3,17,0.88,0.792,0.088,0.196,0.0704,0.94,0.0752,9.9,0.99,2.32050900336443,0,0,4.27786361889559e-10,7.49145405044034e-08,3.07863125552041e-09,3.23999984869442,2.32050900318375,1.8067103368935e-10,0,0,0.180000007134653,0.231428580601697,0.514285734670438,0.673255435673126,0.653057772602933,0.910820667604664,18.2164133520933,1.00275824475842e-08,1.80496484056516e-10,0.0364328267041866,3.25219325490705e-09,0.0555136458665504,1.16219280387995,14.7294554509087,6.41304210742448,156.272115461435,3.72138791932149e-10,2.05715805501328e-10,0.0880000094571967,1.33472362869211e-08,3.4907676148931e-10,4.38672909643511e-09,1.04919905689231e-09,0.88000000910812,0.939999995613271,9.8999999989508,0.00451966639178574,0.00451862334638875,0.0045186863386015,0,0,0,172.184808429749,195.142782674867,4.15901781158889e-06,17.1373396575477,-5.82063874652383,0,3.6,1.8,6,3,240,120
S4_DDRE_100,centralized,3,18,0.9,0.81,0.09,0.2,0.072,0.84,0.0672,9.35,0.935,1.49874951313678,0,0,2.59409049796488e-10,1.57675357269558e-07,3.02953878389029e-09,3.23999999529703,1.4987495129527,1.84082526999418e-10,0,0,0.33444445559462,0.43000001433594,0.955555587413199,0.359743816970277,0.348951502461169,0.551394219470779,11.0278843894156,1.00409999334227e-08,1.80737998801608e-10,0.0220557687788312,3.24114850186515e-09,0.0610484822710985,1.09793124667368,10.8833203431891,9.20543596239555,157.949999842225,3.72180114708688e-10,2.0665752442639e-10,0.0900000094721261,1.33358492409695e-08,3.51052765938881e-10,4.37959930105677e-09,1.04958539557918e-09,0.900000009121073,0.839999995620401,9.34999999895042,0.00452878180294465,0.00452773991607073,0.00452777676100418,0,0,0,319.923622946221,362.580105877051,4.53966323498264e-06,39.5534980304493,-3.1029894400727,0,3.6,1.8,6,3,240,120
S4_DDRE_100,centralized,3,19,1.12,1.008,0.112,0.244,0.0896,0.7,0.056,8.8,0.88,0.448195190653603,0,0,2.61033361592666e-10,2.68967030196519e-09,0.108744893764385,3.12553168862656,0.448195190488814,1.64789626388995e-10,0,0,0.544444444348018,0.699999999876023,1.55555555528005,1.29807718669188e-09,1.25913487109112e-09,1.85069324841023e-09,3.70138649682045e-08,1.11886461815736e-08,2.01395631268325e-10,7.40277299364091e-11,8.40104466059266e-09,5.19185595540749e-09,1.09793124918957,6.22174348610692,15.0217434588621,149.149999869475,3.72031004097472e-10,2.17761364496027e-10,0.0933845235836434,0.0186154790751842,4.33156904585269e-10,2.29179164052863e-09,1.05049163079221e-09,1.10138452315049,0.699999997708208,8.79999999894951,1.89441518647429e-05,1.83256449044587e-05,1.81259949345355e-05,0,0,0,520.805880189676,590.246664085494,4.44496602189267e-06,73.8662472857504,4.4254589449324,0,3.6,1.8,6,3,240,120
S4_DDRE_100,centralized,3,20,1.1,0.99,0.11,0.24,0.088,0.55,0.044,7.7,0.77,0,0,0,2.95573954200989e-10,2.81493048311304e-09,0.487135679687519,2.61275729162969,0,0,0,0,0.583671832671482,0.750435213434763,1.66763380763281,1.11945652145659e-09,1.08587282581289e-09,1.79642001067632e-09,3.59284002135264e-08,1.11428413177773e-08,2.00571143719991e-10,7.18568004270529e-11,0.200435219335035,3.25694743767032e-09,1.2883447041295,6.63552217288072,14.3355221466793,141.449999895674,3.72122067896018e-10,2.27547869435796e-10,0.0808075075084916,0.0291924951911803,4.56382887664731e-10,1.78499988083944e-09,1.04671243891111e-09,1.07080750705211,0.549999998215,7.69999999895329,4.34879699641651e-07,7.73873588595686e-07,2.83847040093429e-07,0,0,0,558.330102770476,632.774116326602,4.33359378525039e-06,91.613027509807,17.1690096200412,0,3.6,1.8,6,3,240,120
S4_DDRE_100,centralized,3,21,0.98,0.882,0.098,0.216,0.0784,0.41,0.0328,6.6,0.66,0,0,0,3.30576011009498e-10,2.83172304814953e-09,0.36893569437669,2.22440393181805,0,0,0,0,0.583672038317859,0.750435477837247,1.66763439519388,1.13475172253981e-09,1.10070917086362e-09,1.81484553930923e-09,3.62969107861846e-08,1.11539595757215e-08,2.00771272362986e-10,7.25938215723691e-11,0.340435483749271,3.26443935202605e-09,1.61175841025507,7.08251726798493,13.6825172414282,134.84999992223,3.7248307298464e-10,2.31468844091864e-10,0.0706077278204666,0.0273922748717756,4.48846770328024e-10,1.77834397128734e-09,1.04406023539711e-09,0.95260772737162,0.409999998221656,6.59999999895594,-6.49581274731121e-07,-2.16286177451068e-07,-6.8019869179655e-07,0,0,0,558.330299525948,632.774339298775,4.33414172169666e-06,85.6830882036368,11.2390440966517,0,3.6,1.8,6,3,240,120
S4_DDRE_100,centralized,3,22,0.86,0.774,0.086,0.192,0.0688,0.31,0.0248,5.5,0.55,0,0,0,4.31414237667127e-10,2.84006129212198e-09,0.250745850750579,1.96046093372607,0,0,0,0,0.583672128997564,0.75043559442544,1.66763465427876,1.13744050872111e-09,1.10331729345948e-09,1.79712177890184e-09,3.59424355780368e-08,1.11212837234527e-08,2.00183107022149e-10,7.18848711560736e-11,0.440435600321334,3.25375489315001e-09,2.03017222713538,7.5483909152738,13.0483908890418,129.349999948461,3.728407408963e-10,2.34259056597352e-10,0.0604179749764207,0.0255820277047285,4.4355124826662e-10,1.7730808718751e-09,1.04076159585764e-09,0.834417974532869,0.309999998226919,5.49999999895924,-9.06927006728087e-07,-2.70133299207949e-07,-7.59681580468551e-07,0,0,0,558.330386377448,632.774437680459,4.33891512091023e-06,84.764812712057,10.3207570701351,0,3.6,1.8,6,3,240,120
S4_DDRE_100,centralized,3,23,0.72,0.648,0.072,0.164,0.0576,0.25,0.02,4.95,0.495,0,0,0,5.5050164426973e-10,2.75270582640865e-09,0.113859897337322,1.84060841282809,0,0,0,0,0.583672175919975,0.750435654754253,1.66763478834278,1.1384974053881e-09,1.10434248322645e-09,1.7762666429481e-09,3.55253328589621e-08,1.11849242794495e-08,2.01328637030091e-10,7.10506657179242e-11,0.500435660626544,3.23354073163937e-09,2.50558610132671,7.79578606967061,12.7457860439212,124.399999974211,3.73046914004051e-10,2.35690356120699e-10,0.0495320687120656,0.0224679339399035,4.41823300745531e-10,1.77009794759578e-09,1.03871379962097e-09,0.697532068270242,0.249999998229902,4.94999999896129,-1.04739183801155e-06,-2.57867794316057e-07,-7.37217580880652e-07,0,0,0,558.330431391206,632.774488636985,4.35817796536972e-06,74.8535714852865,0.40950988134103,0,3.6,1.8,6,3,240,120
S4_DDRE_100,centralized,3,24,0.64,0.576,0.064,0.148,0.0512,0.23,0.0184,4.4,0.44,0,0,0,1.84481513398893e-09,2.84743866131273e-09,0.038577994756503,1.8,0,0,0,0,0.58367219594647,0.750435680502604,1.66763484556134,1.15997613817038e-09,1.12517685402527e-09,1.77805880902201e-09,3.55611761804403e-08,1.11783512859414e-08,2.01210323146946e-10,7.11223523608806e-11,0.520435686376669,3.21531912538216e-09,3,8.23461199795959,12.6346119721702,120,3.73171784996144e-10,2.35578889729027e-10,0.046250187329778,0.0177498153108214,4.37739342270215e-10,1.76914804920847e-09,1.03630406698313e-09,0.622250186892039,0.229999998230852,4.3999999989637,-6.67038105531752e-07,-3.34273134110275e-07,-6.50334187441896e-07,0,0,0,558.330451946054,632.7745112905,4.41286255203221e-06,71.3023230904826,-3.14174066694206,0,3.6,1.8,6,3,240,120
