Scenario,Method,Community,TimeSlot,Data_Pload,Data_Hload,Data_H2load,Data_Ppv,Data_Pwind,Data_PcompFixed,Pgrid,Pch,Pdis,SOC_e,PpvUse,PpvCurt,PwindUse,PwindCurt,Pchp,Hchp,Fgas,Peb,Heb,Pelec,H2prod,H2cons_fc,Pfc,Pcomp,Hch,Hdis,SOC_th,H2ch,H2dis,SOC_h2,H2short,Hdump,Qpv,Qes,QinjLocal,PinjLocal,V,CarbonEmission_kg,CarbonQuota_kg,CarbonBuyMarket_kg,CarbonSellMarket_kg,CarbonTradeWithCommunities_kg,CarbonUnusedAllowance_kg,Data_Emax,Data_SOC0_e,Data_EthMax,Data_SOC0_th,Data_EH2Max,Data_SOC0_h2
Rainy_LowWind,admm,1,1,0.231,0.65625,1.4,0,0,0,0,0,0.880484536082474,2.82317417254476,0,0,0,0,0,0,0,0.649484536082474,0.63,0,0,0,0,0,0,0.02625,4.97236842105263,0,1.4,18.6,0,0,1.04050841885917e-05,1.04050841885917e-05,0.0468857404380778,0,0,0,457.03258980345,0,0,0.0145924926161249,3.18323145620525e-12,7.5,3.75,10,5,40,20
Rainy_LowWind,admm,1,2,0.21,0.6405,1.4,0,0,0,0,0,0.859484536082474,1.91845360824742,0,0,0,0,0,0,0,0.649484536082474,0.63,0,0,0,0,0,0,0.0105,4.96131578947368,0,1.4,17.2,0,0,6.41502277369879e-05,6.41502277369879e-05,0.0425140182776669,0,0,0,525.854565675169,0,0,0,0,7.5,3.75,10,5,40,20
Rainy_LowWind,admm,1,3,0.294,0.63,2.8,0,0,0,1.42101786941581,0,0,1.91845360824742,0,0,0,0,0,0,0,0.649484536082474,0.63,0.459166666666667,9.18333333333333,0,0,0.0183666666666667,0,0,4.96131578947368,6.38333333333333,0,23.5833333333333,0,0,0.426481952123774,0.426481952123774,-0.792676924687818,1.42101786941581,0,1534.69929896907,632.124824083679,0,0,0,0,7.5,3.75,10,5,40,20
Rainy_LowWind,admm,1,4,0.2835,0.6195,2.8,0,0,0,1.88079324900179,0.459450637317941,0,2.35493171369947,0,0,0,0,0,0,0,0.660309278350515,0.6405,0.459166666666667,9.18333333333333,0,0,0.0183666666666667,0.021,0,4.98126578947368,6.38333333333333,0,29.9666666666667,0,0,0.948713022948877,0.948713022948877,-1.83927118227468,1.88079324900179,0,2031.25670892193,616.600411712545,0,0,0,0,7.5,3.75,10,5,40,20
Rainy_LowWind,admm,1,5,0.3045,0.6405,3.15,0,0,0,1.68120331392887,0.238860702245026,0,2.58184938083224,0,0,0,0,0,0,0,0.660309278350515,0.6405,0.459166666666667,9.18333333333333,0,0,0.0183666666666667,0,0,4.98126578947368,6.03333333333333,0,36,0,0,0.948990222919927,0.948990222919927,-1.83556135034346,1.68120331392887,0,1815.69957904318,660.898565675169,0,0,0,0,7.5,3.75,10,5,40,20
Rainy_LowWind,admm,1,6,0.399,0.7245,3.5,0,0,0,0,0,0.186685877137429,2.3853379312139,0,0,0,0,0.336,0.432,0.96,0.123685877137429,0.119975300823306,0,0,0,0,0,0,0.172524699176694,4.7996608429719,0,3.5,32.5,0,0,1.79701851113628e-05,1.79701851113628e-05,0.0809844652227449,0,0,321.4116288,734.316612862196,0,0,0,0,7.5,3.75,10,5,40,20
Rainy_LowWind,admm,1,7,0.42,0.819,4.2,0,0,0,0,0,0,2.3853379312139,0,0,0,0,0.543685877137429,0.699024699176694,1.55338822039265,0.123685877137429,0.119975300823306,0,0,0,0,0,0,0,4.7996608429719,0,4.2,28.3,0,0,1.89211443060722e-05,1.89211443060722e-05,0.0852467951776696,0,0,520.080247994934,691.60779688,0,0,0,0,7.5,3.75,10,5,40,20
Rainy_LowWind,admm,1,8,0.441,0.903,4.9,0,0,0,0,0,0,2.3853379312139,0,0,0,0,0.589955034832172,0.758513616212793,1.68558581380621,0.148955034832172,0.144486383787207,0,0,0,0,0,0,0,4.7996608429719,0,4.9,23.4,0,1.11022302462516e-16,1.98689253893408e-05,1.98689253893408e-05,0.0895091314888172,0,0,564.340501976694,758.372389202006,0,0,0,0,7.5,3.75,10,5,40,20
Rainy_LowWind,admm,1,9,0.525,0.8715,5.6,0.266096148335621,0,0,0,0,0,2.3853379312139,0.266096148335621,0,0,0,0.521030120603978,0.669895869347972,1.48865748743994,0.207839309950544,0.201604130652028,0.0521989990279373,1.04397998055875,0,0,0.00208795996111749,0,0,4.7996608429719,0,4.55602001944125,18.8439799805587,0,0,2.36778282730286e-05,2.36778282730286e-05,0.106625255895062,0,0,498.408153920194,661.526617727031,0,0,0,0,7.5,3.75,10,5,40,20
Rainy_LowWind,admm,1,10,0.567,0.7875,6.3,0.53877220784625,0,0,0,0,0,2.3853379312139,0.53877220784625,0,0,0,0.384596273607324,0.494480923209417,1.09884649602093,0.302081522464519,0.293019076790584,0.0521989990279373,1.04397998055875,0,0,0.00208795996111749,0,0,4.7996608429719,0,5.25602001944125,13.5879599611175,0,0,0.0114355058732603,0.0114355058732603,0.0923300635517156,0,0,367.897960507561,516.460094819798,0,0,0,0,7.5,3.75,10,5,40,20
Rainy_LowWind,admm,1,11,0.63,0.714,7,0.855797666184937,0,0,0,0,0,2.3853379312139,0.855797666184937,0,0,0,0.264,0.339428571428571,0.754285714285714,0.386156111929308,0.374571428571429,0.0996553406304128,1.99310681260826,0,0,0.00398621362521651,0,0,4.7996608429719,0,5.00689318739174,8.58106677372575,0,0,0.0229417480856912,0.0229417480856912,0.0821710188640472,0,0,252.537708342857,363.257365360954,0,0,0,0,7.5,3.75,10,5,40,20
Rainy_LowWind,admm,1,12,0.609,0.672,7,1.4275680329209,0,0,0,0,0,2.3853379312139,1.4275680329209,0,0,0,0,0,0,0.692783505154639,0.672,0.120946661313712,2.41893322627425,0,0,0.0048378664525485,0,0,4.7996608429719,0,4.58106677372575,4,0,0,0.0275402725234426,0.0275402725234426,0.0687369910057049,0,0,0,57.9464717898939,0,0,0,0,7.5,3.75,10,5,40,20
Rainy_LowWind,admm,1,13,0.588,0.6405,7,2.18136905996366,0,0,0,0.229683226548078,0,2.60353699643457,2.18136905996366,0,0,0,0,0,0,0.717901305649325,0.696364266479846,0.620946661313712,12.4189332262743,0,0,0.0248378664525485,0.0558642664798457,0,4.85273189612775,5.41893322627425,0,9.41893322627425,0,0,0.0304625110077184,0.0304625110077184,0.0592682821638393,0,0,0,0,0,0,0,0,7.5,3.75,10,5,40,20
Rainy_LowWind,admm,1,14,0.5775,0.63,7,2.3842733119602,0,0,0,0.397518138252436,0,2.98117922777439,2.3842733119602,0,0,0,0,0,0,0.717901305649325,0.696364266479846,0.664763334671572,13.2952666934314,0,0,0.0265905333868629,0.0663642664798456,0,4.91577794928361,6.29526669343144,0,15.7141999197057,0,0,0.0286885256391254,0.0286885256391254,0.0607402223062661,0,0,0,0,0,0,0,0,7.5,3.75,10,5,40,20
Rainy_LowWind,admm,1,15,0.588,0.6405,6.65,2.71812592101709,0,0,0,0.720870747309328,0,3.66600643771825,2.71812592101709,0,0,0,0,0,0,0.717901305649325,0.696364266479846,0.664763334671572,13.2952666934314,0,0,0.0265905333868629,0.0558642664798457,0,4.96884900243946,6.64526669343144,0,22.3594666131371,0,0,0.0240413993927034,0.0240413993927034,0.0721665907357672,0,0,0,0,0,0,0,0,7.5,3.75,10,5,40,20
Rainy_LowWind,admm,1,16,0.63,0.672,6.65,2.40125889314511,0,0,0,0.362003719437353,0,4.00990997118374,2.40125889314511,0,0,0,0,0,0,0.717901305649325,0.696364266479846,0.664763334671572,13.2952666934314,0,0,0.0265905333868629,0.0243642664798456,0,4.99199505559531,6.64526669343144,0,29.0047333065686,0,0,0.0228993210707087,0.0228993210707087,0.0829792111263848,0,0,0,0,0,0,0,0,7.5,3.75,10,5,40,20
Rainy_LowWind,admm,1,17,0.714,0.735,6.3,2.17613180112746,0,0,0,0.0130459743061418,0,4.02230364677458,2.17613180112746,0,0,0,0,0,0,0.757731958762887,0.735,0.664763334671572,13.2952666934314,0,0,0.0265905333868629,0,0,4.99199505559531,6.99526669343144,0,36,0,0,0.0273578256198357,0.0273578256198357,0.0911191295213871,0,0,0,0,0,0,0,0,7.5,3.75,10,5,40,20
Rainy_LowWind,admm,1,18,0.819,0.8295,5.95,1.34969320880741,0,0,0,0,0,4.02230364677458,1.34969320880741,0,0,0,0.268659285129684,0.345419080881022,0.767597957513382,0.499052493937091,0.484080919118978,0.28875,5.775,0,0,0.01155,0,0,4.99199505559531,0,0.174999999999997,35.825,0,0,0.0307342266158162,0.0307342266158162,0.105206189827617,0,0,256.99469769576,286.209402788571,0,0,0,0,7.5,3.75,10,5,40,20
Rainy_LowWind,admm,1,19,0.903,0.9135,5.6,0.742379843616571,0,0,0,0,0,4.02230364677458,0.742379843616571,0,0,0,0.603175925385908,0.775511904067596,1.72335978681688,0.142255769002479,0.137988095932404,0.28875,5.775,0,0,0.01155,0,0,4.99199505559531,0.175,0,36,0,0,0.0247906762084729,0.0247906762084729,0.13415021813556,0,0,576.987370926285,611.221782071334,0,0,0,0,7.5,3.75,10,5,40,20
Rainy_LowWind,admm,1,20,0.966,0.9765,4.9,0.0555911132445282,0,0,0,0,0.144355131102513,3.87035087719298,0.0555911132445282,0,0,0,0.766053755652959,0.98492625726809,2.18872501615131,0,0,0,0,0,0,0,0.00842625726809021,0,5,0,4.9,31.1,0,0,0.0100861128408813,0.0100861128408813,0.175982440490685,0,0,732.79340878802,1114.25346245554,0,0,0,0,7.5,3.75,10,5,40,20
Rainy_LowWind,admm,1,21,0.819,0.9975,4.2,0,0,0,0,0,0.0431666666666669,3.82491228070175,0,0,0,0,0.775833333333333,0.9975,2.21666666666667,0,0,0,0,0,0,0,0,0,5,0,4.2,26.9,0,0,3.68969205841591e-05,3.68969205841591e-05,0.166231249218081,0,0,742.148379,1031.52202953333,0,0,0,0,7.5,3.75,10,5,40,20
Rainy_LowWind,admm,1,22,0.798,0.9345,3.5,0,0,0,0,0,0.0711666666666667,3.75,0,0,0,0,0.726833333333333,0.9345,2.07666666666667,0,0,0,0,0,0,0,0,0,5,0,3.5,23.4,0,0,3.59506526037001e-05,3.59506526037001e-05,0.161968909880728,0,0,695.2758498,972.284629773333,0,0,0,0,7.5,3.75,10,5,40,20
Rainy_LowWind,admm,1,23,0.441,0.8295,3.15,0,0,0,0,0,0,3.75,0,0,0,0,0.585881380620646,0.753276060797973,1.67394680177327,0.078581380620646,0.0762239392020266,0.0637499999999999,1.275,0,0,0.00255,0,0,5,0,1.875,21.525,0,0,1.98885691670117e-05,1.98885691670117e-05,0.0895906922012618,0,0,560.443716752603,680.623558520968,0,0,0,0,7.5,3.75,10,5,40,20
Rainy_LowWind,admm,1,24,0.315,0.7245,2.8,0,0,0,0,0,0,3.75,0,0,0,0,0.485150538315389,0.623764977834072,1.38614439518683,0.103850538315389,0.100735022165928,0.0637499999999999,1.275,0,0,0.00255,0,0,5,0,1.525,20,0,0,1.42110971945525e-05,1.42110971945525e-05,0.0640166559053222,0,0,464.086383134364,562.9338313516,0,0,0,0,7.5,3.75,10,5,40,20
Rainy_LowWind,admm,2,1,0.8925,1.5225,4,0,0.257741575099523,0,0,0,0.335377337946636,2.94697122321407,0,0,0.257741575099523,0,0.75,0.964285714285714,2.14285714285714,0.0346189130461587,0.0335803456547739,0.4,8,0,0,0.016,0,0.524633940059512,3.44775374730578,4,0,54,0,0,7.83276232867725e-05,7.83276232867725e-05,0.353109915396846,0,0,717.436671428571,1278.72305159124,0,0,-0.00729624263960007,-5.6843418860808e-12,6.6,3.3,8,4,100,50
Rainy_LowWind,admm,2,2,0.861,1.491,4,0,0.462787196043532,0,0,0,0.125032402640564,2.81535816780295,0,0,0.462787196043532,0,0.723799314362063,0.930599118465509,2.06799804103446,0.0346189130461587,0.0335803456547739,0.4,8,0,0,0.016,0,0.526820535879717,2.89320581480081,4,0,58,0,0,0.00020984760860962,0.00020984760860962,0.340397278815256,0,0,692.373561170934,1066.2906899809,0,0,0,0,6.6,3.3,8,4,100,50
Rainy_LowWind,admm,2,3,0.84,1.47,8,0,0.536966895693341,0,2.00275365640501,0.721496866351217,0,3.5007801908366,0,0,0.536966895693341,0,0.588799314362063,0.757027689894081,1.68228375532018,0.735023000109195,0.712972310105919,0.8,16,0,0,0.032,0,0,2.89320581480081,8,0,66,0,0,1.04809178434748,1.04809178434748,-1.76313832573644,2.00275365640501,0,2726.2089092312,1208.85369067647,0,0,0,0,6.6,3.3,8,4,100,50
Rainy_LowWind,admm,2,4,0.8295,1.47,8,0,0.16664171197184,0,2.81541707796339,0.860395487104153,0,4.31815590358555,0,0,0.16664171197184,0,0.453799314362063,0.583456261322652,1.29656946960589,0.913962617193142,0.886543738677348,0.8,16,0,0,0.032,0,0,2.89320581480081,8,0,74,0,0,1.70300779761815,1.70300779761815,-3.07712021781477,2.81541707796339,0,3474.74680365711,1582.95257733022,0,0,0,0,6.6,3.3,8,4,100,50
Rainy_LowWind,admm,2,5,0.861,1.491,9,0,0.0772995418768454,0,2.89343083822317,1.1098572098168,0,5.37252025291151,0,0,0.0772995418768454,0,0.588799314362063,0.757027689894081,1.68228375532018,0.756672484645278,0.733972310105919,0.8,16,0,0,0.032,0,0,2.89320581480081,7,0,81,0,0,1.70375100392537,1.70375100392537,-3.06615703381827,2.89343083822317,0,3688.14026559481,1649.57833050586,0,0,0,0,6.6,3.3,8,4,100,50
Rainy_LowWind,admm,2,6,0.966,1.554,10,0,0.073086275153527,0,0,0,1.23811796726785,4.06923818210324,0,0,0.073086275153527,0,0.723799314362063,0.930599118465509,2.06799804103446,0.642681321169578,0.623400881534491,0.409925226551791,8.19850453103581,0,0,0.0163970090620716,0,0,2.89320581480081,0,1.80149546896419,79.1985045310358,0,-1.11022302462516e-16,8.48469140430203e-05,8.48469140430203e-05,0.382159036873252,0,0,692.373561170934,1732.3739091054,0,0,0,0,6.6,3.3,8,4,100,50
Rainy_LowWind,admm,2,7,1.155,1.659,12,0,0.0271555725160166,0,0,0,1.44684798426742,2.54624030392701,0,0,0.0271555725160166,0,0.75,0.964285714285714,2.14285714285714,0.642681321169578,0.623400881534491,0.409925226551791,8.19850453103581,0,0,0.0163970090620716,0,0.0713134041797949,2.81813907355892,0,3.80149546896419,75.3970090620716,0,0,0.000101422522974076,0.000101422522974076,0.456823465321055,0,0,717.436671428571,2061.63486783908,0,0,0,0,6.6,3.3,8,4,100,50
Rainy_LowWind,admm,2,8,1.386,1.764,14,0,0.86908186405345,0,0,0,0.83592169272999,1.66632273263228,0,0,0.86908186405345,0,0.75,0.964285714285714,2.14285714285714,0.642681321169578,0.623400881534491,0.409925226551791,8.19850453103581,0,0,0.0163970090620716,0,0.176313404179795,2.63254601652756,0,5.80149546896419,69.5955135931074,0,0,0.000121681609489292,0.000121681609489292,0.548079988961616,0,0,717.436671428571,1703.29416906236,0,0,0,0,6.6,3.3,8,4,100,50
Rainy_LowWind,admm,2,9,1.554,1.848,16,0.288597104044822,1.98551861110016,0,0,0,0,1.66632273263228,0.288597104044822,0,1.98551861110016,0,0.75,0.964285714285714,2.14285714285714,0.911045655375552,0.883714285714286,0.53756736516291,10.7513473032582,0,0,0.0215026946065164,0,0,2.63254601652756,0,5.24865269674179,64.3468608963657,0,0,0.000136445840537069,0.000136445840537069,0.614616796714189,0,0,717.436671428571,827.837197370734,0,0,0,0,6.6,3.3,8,4,100,50
Rainy_LowWind,admm,2,10,1.68,1.911,18,0.576766246178241,1.39973719533225,0,0,0,0.468612273634491,1.17304665512229,0.576766246178241,0,1.39973719533225,0,0.705,0.906428571428572,2.01428571428571,0.911045655375552,0.883714285714286,0.53756736516291,10.7513473032582,0,0,0.0215026946065164,0,0.120857142857143,2.50532797141478,0,7.24865269674179,57.0982081996239,0,-1.11022302462516e-16,0.0281921647276948,0.0281921647276948,0.608303745383651,0,0,674.390471142857,1207.58293293744,0,0,0,0,6.6,3.3,8,4,100,50
Rainy_LowWind,admm,2,11,1.764,1.953,20,0.918543212385929,1.25817818039287,0,0,0,0.487394322366177,0.66,0.918543212385929,0,1.25817818039287,0,0.57,0.732857142857143,1.62857142857143,0.911045655375552,0.883714285714286,0.53756736516291,10.7513473032582,0,0,0.0215026946065164,0,0.336428571428571,2.15119263306891,0,9.24865269674179,47.8495555028821,0,-2.22044604925031e-16,0.0564738573157781,0.0564738573157781,0.584939284503336,0,0,545.251870285714,1220.49346655062,0,0,0,0,6.6,3.3,8,4,100,50
Rainy_LowWind,admm,2,12,1.806,1.974,20,1.54225664129462,1.91903480834344,0,0,0,0,0.66,1.54225664129462,0,1.91903480834344,0,0.435,0.559285714285714,1.24285714285714,1.45846833578792,1.41471428571429,0.607522224855896,12.1504444971179,0,0,0.0243008889942358,0,0,2.15119263306891,0,7.84955550288208,40,0,-1.11022302462516e-16,0.0677825818667467,0.0677825818667467,0.579013637964119,0,0,416.113269428571,520.380732342857,0,0,0,0,6.6,3.3,8,4,100,50
Rainy_LowWind,admm,2,13,1.827,1.974,20,2.37169200458648,2.94130195295271,0,0,0.953993957539185,0,1.56629425966223,2.37169200458648,0,2.94130195295271,0,0.3,0.385714285714286,0.857142857142857,2,1.94,0.8,16,0,0,0.032,0.351714285714286,0,2.48532120449749,0,4,36,0,5.55111512312578e-17,0.0749690588530028,0.0749690588530028,0.57319448572876,0,0,286.974668571429,374.023651371429,0,0,0,0,6.6,3.3,8,4,100,50
Rainy_LowWind,admm,2,14,1.827,1.953,20,2.56042667173641,3.84635407632067,0,0,1.78645508706752,0,3.26342659237637,2.56042667173641,0,3.58502841533112,0.26132566098955,0.3,0.385714285714286,0.857142857142857,2,1.94,0.8,16,0,0,0.032,0.372714285714285,0,2.83939977592606,0,4,32,0,1.11022302462516e-16,0.0706098828631406,0.0706098828631406,0.581912837708484,0,0,286.974668571429,325.237957714286,0,0,0,0,6.6,3.3,8,4,100,50
Rainy_LowWind,admm,2,15,1.806,1.932,19,2.94714766979099,4.14702087450399,0,0,2.49929953717231,0,5.63776115269007,2.94714766979099,0,3.89015186738132,0.256869007122668,0.3,0.385714285714286,0.857142857142857,2,1.94,0.8,16,0,0,0.032,0.393714285714285,0,3.21342834735463,0,3,29,0,5.55111512312578e-17,0.0591846558708234,0.0591846558708234,0.596463560619156,0,0,286.974668571429,325.237957714286,0,0,0,0,6.6,3.3,8,4,100,50
Rainy_LowWind,admm,2,16,1.785,1.911,19,2.61340623568498,2.02173991937811,0,0,0.318146155063086,0,5.94,2.61340623568498,0,2.02173991937811,-8.88178419700125e-16,0.3,0.385714285714286,0.857142857142857,2,1.94,0.8,16,0,0,0.032,0.414714285714286,0,3.6074069187832,0,3,26,0,1.11022302462516e-16,0.0563710352814277,0.0563710352814277,0.593791070723984,0,0,286.974668571429,471.595038685714,0,0,0,0,6.6,3.3,8,4,100,50
Rainy_LowWind,admm,2,17,1.764,1.89,18,2.36798236244084,0.263140363965461,0,0,0,0.90174767123729,4.99079192501338,2.36798236244084,0,0.263140363965461,0,0.435,0.559285714285714,1.24285714285714,1.37187039764359,1.33071428571429,0.8,16,0,0,0.032,0,0,3.6074069187832,0,2,24,0,0,0.0673185392947803,0.0673185392947803,0.563596331623316,0,0,416.113269428571,833.047789211467,0,0,0,0,6.6,3.3,8,4,100,50
Rainy_LowWind,admm,2,18,1.7325,1.848,17,1.45377756103976,0.0109508089234063,0,0,0,1.67940344152432,3.22299882867199,1.45377756103976,0,0.0109508089234063,0,0.57,0.732857142857143,1.62857142857143,1.14963181148748,1.11514285714286,0.8,16,0,0,0.032,0,0,3.6074069187832,0,1,23,0,1.11022302462516e-16,0.0756034097757295,0.0756034097757295,0.534576994050473,0,0,545.251870285714,1639.88661445081,0,0,0,0,6.6,3.3,8,4,100,50
Rainy_LowWind,admm,2,19,1.659,1.785,16,0.815475274315853,0.324795339540445,0,0,0,1.75213829902843,1.37864272443154,0.815475274315853,0,0.324795339540445,0,0.618710163490353,0.795484495916169,1.76774332425815,1.02011907637508,0.989515504083831,0.8,16,0,0,0.032,0,0,3.6074069187832,0,0,23,0,0,0.0609786812712144,0.0609786812712144,0.534777392300634,0,0,591.847147031395,1883.73737431835,0,0,0,0,6.6,3.3,8,4,100,50
Rainy_LowWind,admm,2,20,1.575,1.701,14,0.060118078232416,2.97563251359193,0,0,0,0,1.37864272443154,0.060118078232416,0,2.97563251359193,0,0.483710163490353,0.62191306734474,1.38202903854387,1.1124607553147,1.07908693265526,0.8,16,0,0,0.032,0,0,3.6074069187832,2,0,25,0,0,0.024822162297528,0.024822162297528,0.573891505952155,0,0,462.708546174252,471.595038685714,0,0,0,0,6.6,3.3,8,4,100,50
Rainy_LowWind,admm,2,21,1.449,1.638,12,0,4.0069864371026,0,0,0.752848307023652,0,2.09384861610401,0,0,4.0069864371026,0,0.348710163490353,0.448341638773312,0.996314752829581,1.3218482935693,1.28219284476222,0.8,16,0,0,0.032,0.0925344835355328,0,3.69531467814195,4,0,29,0,5.55111512312578e-17,0.000127313973314058,0.000127313973314058,0.573482816156806,0,0,333.569945317109,325.237957714286,0,0,0,0,6.6,3.3,8,4,100,50
Rainy_LowWind,admm,2,22,1.281,1.596,10,0,3.61780317795807,0,0,0.482954884388765,0,2.55265575627334,0,0,3.61780317795807,0,0.3,0.385714285714286,0.857142857142857,1.3218482935693,1.28219284476222,0.8,16,0,0,0.032,0.0719071304765071,0,3.76362645209464,6,0,35,0,5.55111512312578e-17,0.000112580063394596,0.000112580063394596,0.507114435384943,0,0,286.974668571429,325.237957714286,0,3547.64271642057,0,0,6.6,3.3,8,4,100,50
Rainy_LowWind,admm,2,23,1.1025,1.554,9,0,3.05612384019421,0,0,0.0997755466249071,0,2.647442525567,0,0,3.05612384019421,0,0.3,0.385714285714286,0.857142857142857,1.3218482935693,1.28219284476222,0.8,16,0,0,0.032,0.113907130476508,0,3.87183822604732,7,0,42,0,5.55111512312578e-17,9.69253128515202e-05,9.69253128515202e-05,0.436598030757345,0,0,286.974668571429,325.237957714286,0,0,0,0,6.6,3.3,8,4,100,50
Rainy_LowWind,admm,2,24,0.9975,1.533,8,0,3.53825089823562,0,0,0.686902604666318,0,3.3,0,0,3.53825089823562,0,0.3,0.385714285714286,0.857142857142857,1.3218482935693,1.28219284476222,0.8,16,0,0,0.032,0.134907130476508,0,4,8,0,50,0,1.11022302462516e-16,8.7716645061936e-05,8.7716645061936e-05,0.39511779272311,0,0,286.974668571429,325.237957714286,0,0,0,0,6.6,3.3,8,4,100,50
Rainy_LowWind,admm,3,1,0.315,0.2205,2.2,0,0,0,0,0,0.075,2.92105263157895,0,0,0,0,0.24,0.308571428571429,0.685714285714286,0,0,0,0,0,0,0,0.0880714285714286,0,3.08366785714286,0,2.2,17.8,0,0,2.03873078146524e-05,2.03873078146524e-05,0.0918342253843707,0,0,229.579734857143,398.073566171429,0,0,-0.00729624997652483,1.22781784739345e-11,6,3,6,3,40,20
Rainy_LowWind,admm,3,2,0.294,0.21,2.2,0,0,0,0,0,0.054,2.86421052631579,0,0,0,0,0.24,0.308571428571429,0.685714285714286,0,0,0,0,0,0,0,0.0985714285714286,0,3.17731071428571,0,2.2,15.6,0,0,3.94019637924778e-05,3.94019637924778e-05,0.0856711960724151,0,0,229.579734857143,382.785566171429,0,0,0,0,6,3,6,3,40,20
Rainy_LowWind,admm,3,3,0.2835,0.1995,4.4,0,0,0,0.219433333333332,0,0,2.86421052631579,0,0,0,0,0.24,0.308571428571429,0.685714285714286,0,0,0.169166666666667,3.38333333333334,0,0,0.00676666666666667,0.109071428571429,0,3.28092857142857,0,1.01666666666667,14.5833333333333,0,0,0.158887409065564,0.158887409065564,-0.234870784797795,0.219433333333332,0,466.567734857141,458.424766171429,0,0,0,0,6,3,6,3,40,20
Rainy_LowWind,admm,3,4,0.273,0.1995,4.4,0,0,0,2.17485953321904,1.34192619988571,0,4.13904041620721,0,0,0,0,0.24,0.308571428571429,0.685714285714286,0,0,0.769166666666667,15.3833333333333,0,0,0.0307666666666667,0.109071428571429,0,3.38454642857143,10.9833333333333,0,25.5666666666667,0,0,0.465802137879231,0.465802137879231,-0.850994742425128,2.17485953321904,0,2578.42803073371,450.780766171429,0,0,0,0,6,3,6,3,40,20
Rainy_LowWind,admm,3,5,0.294,0.21,4.95,0,0,0,2.18125921100996,1.32732587767662,0,5.4,0,0,0,0,0.24,0.308571428571429,0.685714285714286,0,0,0.769166666666667,15.3833333333333,0,0,0.0307666666666667,0.0985714285714286,0,3.47818928571429,10.4333333333333,0,36,0,0,0.465624081284367,0.465624081284367,-0.8445136292354,2.18125921100996,0,2585.3396827479,486.889566171429,0,0,0,0,6,3,6,3,40,20
Rainy_LowWind,admm,3,6,0.3675,0.252,5.5,0,0,0,0,0,0.303433333333333,5.08059649122807,0,0,0,0,0.24,0.308571428571429,0.685714285714286,0,0,0.169166666666667,3.38333333333333,0,0,0.00676666666666667,0.0565714285714286,0,3.53193214285714,0,2.11666666666667,33.8833333333333,0,0,2.38778328775153e-05,2.38778328775153e-05,0.107356277667578,0,0,229.579734857143,561.218366171429,0,0,0,0,6,3,6,3,40,20
Rainy_LowWind,admm,3,7,0.525,0.34125,6.6,0,0,0,0,0,0.323923603736547,4.73962427676855,0,0,0,0,0.279916666666667,0.359892857142857,0.799761904761905,0,0,0.0758079523107821,1.51615904621564,0,0,0.00303231809243129,0.018642857142857,0,3.54964285714286,0,5.08384095378436,28.799492379549,0,0,3.39864847891926e-05,3.39864847891926e-05,0.153154061209379,0,0,267.763308814286,741.261734552381,0,0,0,0,6,3,6,3,40,20
Rainy_LowWind,admm,3,8,0.861,0.49875,7.7,0,0,0,0,0,0.551923603736547,4.15865206230903,0,0,0,0,0.387916666666667,0.49875,1.10833333333333,0,0,0.0758079523107821,1.51615904621564,0,0,0.00303231809243129,0,0,3.54964285714286,0,6.18384095378436,22.6156514257646,0,0,5.5732962198231e-05,5.5732962198231e-05,0.251110568254561,0,0,371.0741895,1065.97299932952,0,1110.32841365187,0,0,6,3,6,3,40,20
Rainy_LowWind,admm,3,9,0.8715,0.672,8.8,0.239716997684591,0,0,0,0,0.214706606051956,3.93264510857013,0.239716997684591,0,0,0,0.495916666666667,0.637607142857143,1.41690476190476,0,0,0.0758079523107821,1.51615904621564,0,0,0.00303231809243129,0,0.0343928571428572,3.51343984962406,0,7.28384095378436,15.3318104719803,0,0,5.64125572768773e-05,5.64125572768773e-05,0.254171709064404,0,0,474.385070185714,959.815848201797,0,0,0,0,6,3,6,3,40,20
Rainy_LowWind,admm,3,10,0.8925,0.8295,9.9,0.49103481453132,0,0,0,0,0,3.93264510857013,0.49103481453132,0,0,0,0.6,0.771428571428571,1.71428571428571,0,0,0.190898860126269,3.81797720252538,0,0,0.00763595440505076,0,0.0580714285714287,3.45231203007519,0,6.08202279747462,9.24978767450564,0,0,0.00430828388051419,0.00430828388051419,0.251940282779933,0,0,573.949337142857,884.58121505121,0,0,0,0,6,3,6,3,40,20
Rainy_LowWind,admm,3,11,1.029,0.9345,11,0.778174304170446,0,0,0,0,0,3.93264510857013,0.778174304170446,0,0,0,0.549836736755261,0.706932947256764,1.57096210501503,0,0,0.287510616274718,5.75021232549436,0,0,0.0115004246509887,0,0.227567052743236,3.21276776402968,0,5.24978767450564,4,0,0,0.00860242501062005,0.00860242501062005,0.283288163567592,0,0,525.96405099579,872.134996032235,0,0,0,0,6,3,6,3,40,20
Rainy_LowWind,admm,3,12,1.0395,0.9975,11,1.29056700403629,0,0,0,0,0,3.93264510857013,1.29056700403629,0,0,0,0.441836736755261,0.568075804399621,1.2623906764436,0,0,0.666253596914956,13.3250719382991,0,0,0.0266501438765982,0,0.429424195600378,2.76074229497665,2.32507193829912,0,6.32507193829912,0,0,0.0103166907014687,0.0103166907014687,0.283406923201114,0,0,422.653170310075,578.345476802323,0,0,0,0,6,3,6,3,40,20
Rainy_LowWind,admm,3,13,1.008,1.029,11,1.96072081364071,0,0,0,0.095522182598917,0,4.0233911820391,1.96072081364071,0,0,0,0.333836736755261,0.429218661542479,0.953819247872175,0.390141439104799,0.378437195931655,0.770090316050246,15.4018063210049,0,0,0.0308036126420099,0,0.221344142525866,2.52774846073889,4.40180632100493,0,10.726878259304,0,-5.55111512312578e-17,0.0114035861048451,0.0114035861048451,0.272178543394854,0,0,319.342289624361,416.304585874286,0,0,0,0,6,3,6,3,40,20
Rainy_LowWind,admm,3,14,1.05,1.05,11,2.16700567384375,0,0,0,0.165970306046692,0,4.18106297278345,2.16700567384375,0,0,0,0.24,0.308571428571429,0.685714285714286,0.390141439104799,0.378437195931655,0.770090316050246,15.4018063210049,0,0,0.0308036126420099,0,0.362991375496916,2.1456522760053,4.40180632100493,0,15.128684580309,0,-1.11022302462516e-16,0.0107456183052928,0.0107456183052928,0.285744478993959,0,0,229.579734857143,299.218921097143,0,0,0,0,6,3,6,3,40,20
Rainy_LowWind,admm,3,15,0.861,1.0605,10.45,2.44928368368605,0,0,0,0.637248315888996,0,4.786448872878,2.44928368368605,0,0,0,0.24,0.308571428571429,0.685714285714286,0.390141439104799,0.378437195931655,0.770090316050246,15.4018063210049,0,0,0.0308036126420099,0,0.373491375496916,1.75250345969276,4.95180632100493,0,20.0804909013139,0,-1.11022302462516e-16,0.00900198279876675,0.00900198279876675,0.234106750007011,0,0,229.579734857143,260.190366171429,0,0,0,0,6,3,6,3,40,20
Rainy_LowWind,admm,3,16,0.819,1.0395,10.45,2.15638914005646,0,0,0,0.422353772259406,0,5.18768495652444,2.15638914005646,0,0,0,0.276,0.354857142857143,0.788571428571429,0.390141439104799,0.378437195931655,0.770090316050246,15.4018063210049,0,0,0.0308036126420099,0,0.306205661211202,1.43018171104939,4.95180632100493,0,25.0322972223188,0,-1.11022302462516e-16,0.00857310883513179,0.00857310883513179,0.222714497934281,0,0,264.016695085714,260.190366171429,0,0,0,0,6,3,6,3,40,20
Rainy_LowWind,admm,3,17,0.924,0.987,9.9,1.95452488724502,0,0,0,0.223489519447964,0,5.4,1.95452488724502,0,0,0,0.384,0.493714285714286,1.09714285714286,0.390141439104799,0.378437195931655,0.770090316050246,15.4018063210049,0,0,0.0308036126420099,0,0.114848518354059,1.30928853383459,5.50180632100493,0,30.5341035433238,0,-5.55111512312578e-17,0.0102393909470242,0.0102393909470242,0.250006933710496,0,0,367.327575771429,340.305453402175,0,0,0,0,6,3,6,3,40,20
Rainy_LowWind,admm,3,18,0.945,0.882,9.35,1.22342661574716,0,0,0,0,0,5.4,1.22342661574716,0,0,0,0.492,0.632571428571429,1.40571428571429,0,0,0.740794822833812,14.8158964566762,0,0,0.0296317929133525,0,0.249428571428571,1.04673214285714,5.46589645667625,0,36,0,0,0.011496822280293,0.011496822280293,0.253579572812641,0,0,470.638456457143,457.391118179318,0,0,0,0,6,3,6,3,40,20
Rainy_LowWind,admm,3,19,1.176,0.735,8.8,0.66104470474866,0,0,0,0,0.105188628584673,5.28927512780561,0.66104470474866,0,0,0,0.6,0.771428571428571,1.71428571428571,0,0,0.182916666666667,3.65833333333334,0,0,0.00731666666666667,0.0364285714285715,0,1.08133928571429,0,5.14166666666666,30.8583333333333,0,0,0.00929605763614783,0.00929605763614783,0.324642018061038,0,0,573.949337142857,883.564255889684,0,0,0,0,6,3,6,3,40,20
Rainy_LowWind,admm,3,20,1.155,0.5775,7.7,0.0502104926020221,0,0,0,0,0.695022840731312,4.55767213756212,0.0502104926020221,0,0,0,0.6,0.771428571428571,1.71428571428571,0,0,0.182916666666667,3.65833333333334,0,0,0.00731666666666667,0.193928571428571,0,1.26557142857143,0,4.04166666666667,26.8166666666667,0,0,0.00381590699154522,0.00381590699154522,0.329477319350243,0,0,573.949337142857,1251.67665489525,0,0,0,0,6,3,6,3,40,20
Rainy_LowWind,admm,3,21,1.029,0.4305,6.6,0,0,0,0,0,0.619233333333333,3.90584757615862,0,0,0,0,0.6,0.771428571428571,1.71428571428571,0,0,0.182916666666667,3.65833333333334,0,0,0.00731666666666667,0.340928571428571,0,1.58945357142857,0,2.94166666666666,23.875,0,0,6.66535773250198e-05,6.66535773250198e-05,0.300225826178683,0,0,573.949337142857,1120.46009968952,0,0,0,0,6,3,6,3,40,20
Rainy_LowWind,admm,3,22,0.903,0.3255,5.5,0,0,0,0,0,0.493233333333334,3.38665459370248,0,0,0,0,0.6,0.771428571428571,1.71428571428571,0,0,0.182916666666667,3.65833333333334,0,0,0.00731666666666667,0.445928571428571,0,2.01308571428571,0,1.84166666666666,22.0333333333333,0,0,5.84986339745184e-05,5.84986339745184e-05,0.263492136065384,0,0,573.949337142857,955.751365426667,0,0,0,0,6,3,6,3,40,20
Rainy_LowWind,admm,3,23,0.756,0.2625,4.95,0,0,0,0,0,0.346233333333334,3.0221984533516,0,0,0,0,0.6,0.771428571428571,1.71428571428571,0,0,0.182916666666667,3.65833333333334,0,0,0.00731666666666667,0.508928571428571,0,2.49656785714286,0,1.29166666666666,20.7416666666667,0,1.11022302462516e-16,4.89845450586681e-05,4.89845450586681e-05,0.220636164243216,0,0,573.949337142857,823.225566171429,0,0,0,0,6,3,6,3,40,20
Rainy_LowWind,admm,3,24,0.672,0.2415,4.4,0,0,0,0.241144802649314,0,0.0210885306840183,3,0,0,0,0,0.6,0.771428571428571,1.71428571428571,0,0,0.182916666666666,3.65833333333332,0,0,0.00731666666666664,0.529928571428571,0,3,0,0.741666666666678,20,0,0,4.35296989691706e-05,4.35296989691706e-05,0.196147073935395,0.241144802649314,0,834.385724004117,741.252766171429,0,0,0,0,6,3,6,3,40,20
